brand,model_name,class_name_examples,level_name_examples,context_summary
chevrolet,더 넥스트 스파크,"['LS', 'LS 베이직', 'LT', 'LT 플러스', 'LTZ', '스페셜 에디션 패션', '스페셜 에디션 퍼펙트 블랙', '에코 LS', '에코 LS 베이직', '에코 LT 플러스']",['1.0'],"class_name_examples=LS, LS 베이직, LT, LT 플러스, LTZ, 스페셜 에디션 패션, 스페셜 에디션 퍼펙트 블랙, 에코 LS, 에코 LS 베이직, 에코 LT 플러스 | level_name_examples=1.0 | launch_price_range_krw=9990000~15620000 | displacement_range_cc=995~999 | body_length_range_mm=3595~3595"
chevrolet,더 뉴 말리부,"['LS', 'LS 디럭스', 'LT', 'LT 디럭스', '레드라인 프리미어', '레드라인 프리미어 프라임 세이프티', '프리미어', '프리미어 퍼펙트 블랙 프라임 세이프티', '프리미어 퍼펙트 블랙 프리미어', '프리미어 프라임 세이프티']","['1.3 터보', '1.6 디젤', '1.8 HEV', '2.0 터보']","class_name_examples=LS, LS 디럭스, LT, LT 디럭스, 레드라인 프리미어, 레드라인 프리미어 프라임 세이프티, 프리미어, 프리미어 퍼펙트 블랙 프라임 세이프티, 프리미어 퍼펙트 블랙 프리미어, 프리미어 프라임 세이프티 | level_name_examples=1.3 터보, 1.6 디젤, 1.8 HEV, 2.0 터보 | launch_price_range_krw=23450000~38170000 | displacement_range_cc=1341~1998 | body_length_range_mm=4935~4935"
chevrolet,더 뉴 스파크,"['LS', 'LS 베이직', 'LT', '레드픽 에디션', '마이핏 LT', '마이핏 에디션', '프리미어']",['1.0'],"class_name_examples=LS, LS 베이직, LT, 레드픽 에디션, 마이핏 LT, 마이핏 에디션, 프리미어 | level_name_examples=1.0 | launch_price_range_krw=0~14870000 | displacement_range_cc=999~999 | body_length_range_mm=3595~3595"
chevrolet,더 뉴 아베오,"['L', 'LS', 'LT']","['1.4 터보', '1.4 터보 해치백']","class_name_examples=L, LS, LT | level_name_examples=1.4 터보, 1.4 터보 해치백 | launch_price_range_krw=15330000~17960000 | displacement_range_cc=1362~1362 | body_length_range_mm=4060~4420"
chevrolet,더 뉴 카마로 SS,"['-', '볼케이노 레드']",['6.2 V8'],"class_name_examples=-, 볼케이노 레드 | level_name_examples=6.2 V8 | launch_price_range_krw=54280000~55070000 | displacement_range_cc=6162~6162 | body_length_range_mm=4785~4785"
chevrolet,더 뉴 트랙스,"['LS', 'LS 디럭스', 'LT', 'LT 디럭스', 'LT 코어', 'LTZ', '레드라인 LT 코어', '레드라인 프리미어', '블레이드 에디션', '퍼펙트 블랙']","['1.4 가솔린', '1.6 디젤']","class_name_examples=LS, LS 디럭스, LT, LT 디럭스, LT 코어, LTZ, 레드라인 LT 코어, 레드라인 프리미어, 블레이드 에디션, 퍼펙트 블랙 | level_name_examples=1.4 가솔린, 1.6 디젤 | launch_price_range_krw=18220000~26060000 | displacement_range_cc=1362~1598 | body_length_range_mm=4245~4255"
chevrolet,더 뉴 트레일블레이저,"['LT', 'RS', '액티브', '프리미어']","['1.3 터보 2WD', '1.3 터보 AWD']","class_name_examples=LT, RS, 액티브, 프리미어 | level_name_examples=1.3 터보 2WD, 1.3 터보 AWD | launch_price_range_krw=0~30990000 | displacement_range_cc=1341~1341 | body_length_range_mm=4410~4425"
chevrolet,리얼 뉴 콜로라도,"['익스트림', 'Z71-X', 'Z71-X 미드나잇', '익스트림-X']","['3.6 V6', '3.6 V6 4WD']","class_name_examples=익스트림, Z71-X, Z71-X 미드나잇, 익스트림-X | level_name_examples=3.6 V6, 3.6 V6 4WD | launch_price_range_krw=41600000~46490000 | displacement_range_cc=3649~3649 | body_length_range_mm=5395~5395"
chevrolet,말리부,"['LS', 'LS 디럭스 팩', 'LT', 'LT 디럭스팩', 'LTZ', 'LTZ 디럭스팩(블랙휠)', 'LTZ 디럭스팩(알로이휠)', 'LS 디럭스팩', 'LT 프리미엄팩']","['2.0', '2.0 디젤', '2.4']","class_name_examples=LS, LS 디럭스 팩, LT, LT 디럭스팩, LTZ, LTZ 디럭스팩(블랙휠), LTZ 디럭스팩(알로이휠), LS 디럭스팩, LT 프리미엄팩 | level_name_examples=2.0, 2.0 디젤, 2.4 | launch_price_range_krw=21850000~31620000 | displacement_range_cc=1956~2384 | body_length_range_mm=4865~4865"
chevrolet,볼트 (VOLT),['-'],['1.5 EREV'],class_name_examples=- | level_name_examples=1.5 EREV | launch_price_range_krw=36360000~38000000 | displacement_range_cc=1490~1490 | body_length_range_mm=4580~4580
chevrolet,스파크,"['L', 'LS', 'LS 스타', 'LS 플러스', 'LT', 'LT 스페셜 에디션', '비트 에디션', '스트라이프 에디션', '시티 팝 에디션', '씨티런 에디션']","['1.0', '1.0 LPGi', '1.0 S']","class_name_examples=L, LS, LS 스타, LS 플러스, LT, LT 스페셜 에디션, 비트 에디션, 스트라이프 에디션, 시티 팝 에디션, 씨티런 에디션 | level_name_examples=1.0, 1.0 LPGi, 1.0 S | launch_price_range_krw=8100000~13980000 | displacement_range_cc=995~995 | body_length_range_mm=3595~3595"
chevrolet,아베오,"['L 스타', 'LS 고급형', 'LT 스포츠', 'LT 최고급형', '스타일', '퍼펙트 블랙', 'LS 스탠다드', 'LS 스포츠', 'RS', 'L 일반형']","['1.4 터보', '1.4 터보 해치백', '1.6', '1.6 해치백']","class_name_examples=L 스타, LS 고급형, LT 스포츠, LT 최고급형, 스타일, 퍼펙트 블랙, LS 스탠다드, LS 스포츠, RS, L 일반형 | level_name_examples=1.4 터보, 1.4 터보 해치백, 1.6, 1.6 해치백 | launch_price_range_krw=12590000~19980000 | displacement_range_cc=1362~1598 | body_length_range_mm=4040~4400"
chevrolet,어메이징 뉴 크루즈,"['LT 디럭스팩', 'LTZ', '프레셜 에디션 퍼펙트 블랙', 'LS', 'LT', '퍼펙트 블랙']","['1.4 터보', '1.4 터보 5도어', '1.6 디젤', '1.8', '1.8 5도어', '2.0 디젤', '2.0 디젤 5도어']","class_name_examples=LT 디럭스팩, LTZ, 프레셜 에디션 퍼펙트 블랙, LS, LT, 퍼펙트 블랙 | level_name_examples=1.4 터보, 1.4 터보 5도어, 1.6 디젤, 1.8, 1.8 5도어, 2.0 디젤, 2.0 디젤 5도어 | launch_price_range_krw=17500000~23670000 | displacement_range_cc=1362~1998 | body_length_range_mm=4510~4640"
chevrolet,올 뉴 말리부,"['LS', 'LS 디럭스', 'LT', 'LT 디럭스', 'LTZ', 'LTZ 퍼펙트 블랙', 'LTZ 프리미엄 세이프티', 'LTZ 프리미엄 세이프티 퍼펙트 블랙', 'LT 프리미엄', 'LTZ 프리미엄']","['1.5 터보', '1.8 HEV', '2.0 터보']","class_name_examples=LS, LS 디럭스, LT, LT 디럭스, LTZ, LTZ 퍼펙트 블랙, LTZ 프리미엄 세이프티, LTZ 프리미엄 세이프티 퍼펙트 블랙, LT 프리미엄, LTZ 프리미엄 | level_name_examples=1.5 터보, 1.8 HEV, 2.0 터보 | launch_price_range_krw=23450000~33700000 | displacement_range_cc=1490~1998 | body_length_range_mm=4925~4925"
chevrolet,올 뉴 카마로 SS,"['-', '볼케이노 레드']",['6.2 V8'],"class_name_examples=-, 볼케이노 레드 | level_name_examples=6.2 V8 | launch_price_range_krw=0~50980000 | displacement_range_cc=6162~6162 | body_length_range_mm=4785~4785"
chevrolet,올 뉴 콜로라도,['Z71'],['2.7 가솔린'],class_name_examples=Z71 | level_name_examples=2.7 가솔린 | launch_price_range_krw=72790000~72790000 | displacement_range_cc=2726~2726 | body_length_range_mm=5410~5410
chevrolet,올 뉴 크루즈,"['LS', 'LT', 'LT 디럭스', 'LTZ', 'LTZ 디럭스']","['1.4 터보', '1.6 디젤']","class_name_examples=LS, LT, LT 디럭스, LTZ, LTZ 디럭스 | level_name_examples=1.4 터보, 1.6 디젤 | launch_price_range_krw=16600000~25120000 | displacement_range_cc=1399~1598 | body_length_range_mm=4665~4665"
chevrolet,올란도,"['LS 고급형', 'LT 세이프티', 'LT 컨비니언스', 'LT 프리미엄', 'LTZ 세이프티', 'LTZ 프리미엄', '다이나믹 스페셜 에디션', '퍼펙트 블랙', 'LS 일반형', '다이나믹']","['1.6 디젤', '2.0 LPGi', '2.0 LPGi (랜터카용)', '2.0 LPGi (택시형)', '2.0 디젤']","class_name_examples=LS 고급형, LT 세이프티, LT 컨비니언스, LT 프리미엄, LTZ 세이프티, LTZ 프리미엄, 다이나믹 스페셜 에디션, 퍼펙트 블랙, LS 일반형, 다이나믹 | level_name_examples=1.6 디젤, 2.0 LPGi, 2.0 LPGi (랜터카용), 2.0 LPGi (택시형), 2.0 디젤 | launch_price_range_krw=18910000~29160000 | displacement_range_cc=1598~1998 | body_length_range_mm=4665~4665"
chevrolet,이쿼녹스,"['LS', 'LT', 'LT 익스클루시브', 'LT 플러스', 'LT 플러스 익스클루시브', '퍼펙트 블랙', '프리미어', '프리미어 익스클루시브']","['1.6 디젤', '1.6 디젤 AWD']","class_name_examples=LS, LT, LT 익스클루시브, LT 플러스, LT 플러스 익스클루시브, 퍼펙트 블랙, 프리미어, 프리미어 익스클루시브 | level_name_examples=1.6 디젤, 1.6 디젤 AWD | launch_price_range_krw=29450000~42400000 | displacement_range_cc=1598~1598 | body_length_range_mm=4650~4650"
chevrolet,임팔라,"['LT', 'LTZ', '미드나이트 블랙', '프리미어']","['2.5', '3.6']","class_name_examples=LT, LTZ, 미드나이트 블랙, 프리미어 | level_name_examples=2.5, 3.6 | launch_price_range_krw=0~45360000 | displacement_range_cc=2457~3564 | body_length_range_mm=5110~5110"
chevrolet,카마로,"['-', 'RS']",['3.6 V6'],"class_name_examples=-, RS | level_name_examples=3.6 V6 | launch_price_range_krw=43400000~48100000 | displacement_range_cc=3564~3564 | body_length_range_mm=4836~4884"
chevrolet,캡티바,"['LS', 'LS 디럭스팩', 'LS 프리미엄', 'LT', 'LT 디럭스팩', 'LT 프리미엄', 'LTZ', '다이나믹 레드', '시티팩', '어드벤처팩']","['2.0 디젤 2WD', '2.2 디젤 2WD', '2.2 디젤 4WD', '2.4 가솔린']","class_name_examples=LS, LS 디럭스팩, LS 프리미엄, LT, LT 디럭스팩, LT 프리미엄, LTZ, 다이나믹 레드, 시티팩, 어드벤처팩 | level_name_examples=2.0 디젤 2WD, 2.2 디젤 2WD, 2.2 디젤 4WD, 2.4 가솔린 | launch_price_range_krw=0~34070000 | displacement_range_cc=1956~2384 | body_length_range_mm=4635~4690"
chevrolet,콜로라도,"['익스트림', '익스트림-X', '익스트림-X 사이드 레일', '익스트림-X 스포츠 바']","['3.6 V6', '3.6 V6 4WD']","class_name_examples=익스트림, 익스트림-X, 익스트림-X 사이드 레일, 익스트림-X 스포츠 바 | level_name_examples=3.6 V6, 3.6 V6 4WD | launch_price_range_krw=41350000~43500000 | displacement_range_cc=3649~3649 | body_length_range_mm=5415~5415"
chevrolet,콜벳,['-'],['6.2 V8'],class_name_examples=- | level_name_examples=6.2 V8 | launch_price_range_krw=85620000~85620000 | displacement_range_cc=6162~6162 | body_length_range_mm=4435~4435
chevrolet,크루즈,"['LT 플러스 래더팩', 'LTZ 플러스', 'LTZ 플러스 더 퍼펙트 블랙', 'LTZ 플러스 스타일팩', 'LT', 'LT 플러스', 'LTZ', 'LTZ 더 퍼펙트 블랙', 'LS', 'LS 플러스']","['1.4 터보', '1.4 터보 5도어', '1.6', '1.8', '1.8 5도어', '2.0 디젤', '2.0 디젤 5도어']","class_name_examples=LT 플러스 래더팩, LTZ 플러스, LTZ 플러스 더 퍼펙트 블랙, LTZ 플러스 스타일팩, LT, LT 플러스, LTZ, LTZ 더 퍼펙트 블랙, LS, LS 플러스 | level_name_examples=1.4 터보, 1.4 터보 5도어, 1.6, 1.8, 1.8 5도어, 2.0 디젤, 2.0 디젤 5도어 | launch_price_range_krw=15780000~23370000 | displacement_range_cc=1362~1998 | body_length_range_mm=4510~4605"
chevrolet,타호,"['다크 나이트', '하이 컨트리']",['6.2 4WD'],"class_name_examples=다크 나이트, 하이 컨트리 | level_name_examples=6.2 4WD | launch_price_range_krw=92530000~93630000 | displacement_range_cc=6162~6162 | body_length_range_mm=5352~5352"
chevrolet,트래버스,"['LT 레더', 'LT 레더 프리미엄', 'RS', '레드라인', '프리미어']",['3.6 V6'],"class_name_examples=LT 레더, LT 레더 프리미엄, RS, 레드라인, 프리미어 | level_name_examples=3.6 V6 | launch_price_range_krw=45200000~55220000 | displacement_range_cc=3064~3064 | body_length_range_mm=5200~5200"
chevrolet,트랙스,"['LS', 'LS 디럭스 패키지', 'LT', 'LT 디럭스', 'LT 레더 패키지', 'LTZ', '퍼팩트 블랙', '프리미엄 에디션', '퍼펙트 블랙']","['1.4 가솔린', '1.6 디젤']","class_name_examples=LS, LS 디럭스 패키지, LT, LT 디럭스, LT 레더 패키지, LTZ, 퍼팩트 블랙, 프리미엄 에디션, 퍼펙트 블랙 | level_name_examples=1.4 가솔린, 1.6 디젤 | launch_price_range_krw=19400000~25220000 | displacement_range_cc=1362~1598 | body_length_range_mm=4245~4245"
chevrolet,트랙스 크로스오버,"['LS', 'LT', 'RS', 'RS 미드나잇 에디션', '레드라인', '액티브']",['1.2 가솔린 터보'],"class_name_examples=LS, LT, RS, RS 미드나잇 에디션, 레드라인, 액티브 | level_name_examples=1.2 가솔린 터보 | launch_price_range_krw=20520000~29300000 | displacement_range_cc=1199~1199 | body_length_range_mm=4540~4540"
chevrolet,트레일블레이저,"['LS', 'LT', 'RS', '액티브', '프리미어']","['1.2 터보 2WD', '1.3 터보 2WD', '1.3 터보 AWD']","class_name_examples=LS, LT, RS, 액티브, 프리미어 | level_name_examples=1.2 터보 2WD, 1.3 터보 2WD, 1.3 터보 AWD | launch_price_range_krw=19590000~27300000 | displacement_range_cc=1198~1341 | body_length_range_mm=4410~4425"
hyundai,LF쏘나타,"['스마트', '스마트 스페셜', '스타일', '썸머 스페셜', '와일드 버건디', '윈터 스페셜', '케어 플러스', '스타일 스페셜', '프리미엄', '프리미엄 스페셜']","['1.6 터보', '1.7 디젤', '2.0', '2.0 LPi', '2.0 LPi (장애인용)', '2.0 LPi (택시형)', '2.0 터보', '2.4']","class_name_examples=스마트, 스마트 스페셜, 스타일, 썸머 스페셜, 와일드 버건디, 윈터 스페셜, 케어 플러스, 스타일 스페셜, 프리미엄, 프리미엄 스페셜 | level_name_examples=1.6 터보, 1.7 디젤, 2.0, 2.0 LPi, 2.0 LPi (장애인용), 2.0 LPi (택시형), 2.0 터보, 2.4 | launch_price_range_krw=0~32100000 | displacement_range_cc=1591~2359 | body_length_range_mm=4855~4855"
hyundai,LF쏘나타 하이브리드,"['모던', '모던 스페셜', '스마트', '프리미엄', '프리미엄 스페셜', '익스클루시브']","['2.0 HEV', '2.0 PHEV']","class_name_examples=모던, 모던 스페셜, 스마트, 프리미엄, 프리미엄 스페셜, 익스클루시브 | level_name_examples=2.0 HEV, 2.0 PHEV | launch_price_range_krw=30130000~43930000 | displacement_range_cc=1999~1999 | body_length_range_mm=4855~4855"
hyundai,YF쏘나타,"['그랜드', '럭셔리', '로얄', '블루세이버', '탑', '프라임', '프리미어', '디럭스', 'DTX', 'LTX']","['2.0 CVVL', '2.0 LPi', '2.0 LPi (장애인용)', '2.0 LPi (택시형)', '2.0 VVT', '2.0 터보', '2.4']","class_name_examples=그랜드, 럭셔리, 로얄, 블루세이버, 탑, 프라임, 프리미어, 디럭스, DTX, LTX | level_name_examples=2.0 CVVL, 2.0 LPi, 2.0 LPi (장애인용), 2.0 LPi (택시형), 2.0 VVT, 2.0 터보, 2.4 | launch_price_range_krw=0~30000000 | displacement_range_cc=1998~2359 | body_length_range_mm=4820~4820"
hyundai,i20,"['(08~11년)', '(12~14년)']",['1.4'],"class_name_examples=(08~11년), (12~14년) | level_name_examples=1.4 | launch_price_range_krw=0~0 | displacement_range_cc=1396~1396 | body_length_range_mm=3940~3995"
hyundai,i30,"['디럭스', '럭셔리', '월드컵 스페셜 에디션', '익스트림', '트렌디', '프리미어', '프리미어 브라운', '프리미어 브라운 스페셜', '유니크', '트랜디']","['1.6 VVT', '1.6 디젤', '2.0']","class_name_examples=디럭스, 럭셔리, 월드컵 스페셜 에디션, 익스트림, 트렌디, 프리미어, 프리미어 브라운, 프리미어 브라운 스페셜, 유니크, 트랜디 | level_name_examples=1.6 VVT, 1.6 디젤, 2.0 | launch_price_range_krw=12800000~22050000 | displacement_range_cc=1582~1975 | body_length_range_mm=4245~4475"
hyundai,i30 PD,"['모던', '스마트', '스타일', '스타일 베스트핏', '튜너 패키지', '프리미엄', 'N 라인', 'N 라인 스포츠 에센스 에디션', '스포츠', '스포츠 프리미엄']","['1.4 터보', '1.6 디젤', '1.6 터보']","class_name_examples=모던, 스마트, 스타일, 스타일 베스트핏, 튜너 패키지, 프리미엄, N 라인, N 라인 스포츠 에센스 에디션, 스포츠, 스포츠 프리미엄 | level_name_examples=1.4 터보, 1.6 디젤, 1.6 터보 | launch_price_range_krw=18550000~25560000 | displacement_range_cc=1353~1591 | body_length_range_mm=4340~4340"
hyundai,i30CW,"['디럭스', '럭셔리', '월드컵 스페셜 에디션', '트렌디', '프리미어', '익스트림']","['1.6', '1.6 디젤', '2.0']","class_name_examples=디럭스, 럭셔리, 월드컵 스페셜 에디션, 트렌디, 프리미어, 익스트림 | level_name_examples=1.6, 1.6 디젤, 2.0 | launch_price_range_krw=13500000~21230000 | displacement_range_cc=1582~1975 | body_length_range_mm=4475~4475"
hyundai,i40,"['PYL', '디 스팩', '모던', '스마트', '유니크', '프리미엄']","['1.7 디젤 왜건', '2.0 왜건']","class_name_examples=PYL, 디 스팩, 모던, 스마트, 유니크, 프리미엄 | level_name_examples=1.7 디젤 왜건, 2.0 왜건 | launch_price_range_krw=0~32450000 | displacement_range_cc=1685~1999 | body_length_range_mm=4770~4815"
hyundai,i40 살룬,"['PYL', '디 스팩', '모던', '스마트', '유니크', '프리미엄']","['1.7 디젤', '2.0']","class_name_examples=PYL, 디 스팩, 모던, 스마트, 유니크, 프리미엄 | level_name_examples=1.7 디젤, 2.0 | launch_price_range_krw=0~31550000 | displacement_range_cc=1685~1999 | body_length_range_mm=4740~4745"
hyundai,그랜드스타렉스,"['스마트', 'CVX 디럭스', 'CVX 럭셔리', 'CVX 밸류', 'CVX 프리미엄', '기본형', '모던', '스마트 스페셜', 'HVX VIP팩', 'HVX 프리미엄']","['2.4 LPi 밴 3인승', '2.5 디젤 밴 3인승 2WD', '2.5 디젤 밴 5인승 2WD', '2.5 디젤 왜건 11인승 2WD', '2.5 디젤 왜건 11인승 4WD', '2.5 디젤 왜건 12인승 2WD', '2.5 디젤 왜건 12인승 4WD', '리무진', '어린이보호차']","class_name_examples=스마트, CVX 디럭스, CVX 럭셔리, CVX 밸류, CVX 프리미엄, 기본형, 모던, 스마트 스페셜, HVX VIP팩, HVX 프리미엄 | level_name_examples=2.4 LPi 밴 3인승, 2.5 디젤 밴 3인승 2WD, 2.5 디젤 밴 5인승 2WD, 2.5 디젤 왜건 11인승 2WD, 2.5 디젤 왜건 11인승 4WD, 2.5 디젤 왜건 12인승 2WD, 2.5 디젤 왜건 12인승 4WD, 리무진, 어린이보호차 | launch_price_range_krw=0~26700000 | displacement_range_cc=2359~2497 | body_length_range_mm=5125~5150"
hyundai,그랜저HG,"['모던', '모던 컬렉션', '프리미엄', '프리미엄 컬렉션', '럭셔리', '스페셜', '아제라(수출형)', '노블', '더 타임리스', '로얄']","['220 디젤', '240', '300', '300 LPi', '300 LPi (장애인용)', '300 LPi (택시형)', '330']","class_name_examples=모던, 모던 컬렉션, 프리미엄, 프리미엄 컬렉션, 럭셔리, 스페셜, 아제라(수출형), 노블, 더 타임리스, 로얄 | level_name_examples=220 디젤, 240, 300, 300 LPi, 300 LPi (장애인용), 300 LPi (택시형), 330 | launch_price_range_krw=0~44500000 | displacement_range_cc=2199~3342 | body_length_range_mm=4910~4920"
hyundai,그랜저HG 하이브리드,"['프리미엄', '프리미엄 컬렉션']",['2.4 HEV'],"class_name_examples=프리미엄, 프리미엄 컬렉션 | level_name_examples=2.4 HEV | launch_price_range_krw=36030000~38110000 | displacement_range_cc=2359~2359 | body_length_range_mm=4910~4920"
hyundai,그랜저IG,"['모던', '프리미엄', '프리미엄 스페셜', '모던 베이직 (렌터카)', '익스클루시브 스페셜', '익스클루시브', '모던 베이직', '개인형', '모범형', '모범형 VIP 패키지']","['2.2 디젤', '2.4', '3.0', '3.0 LPi', '3.0 LPi (렌터카용)', '3.0 LPi (장애인용)', '3.0 LPi (택시형)', '3.3']","class_name_examples=모던, 프리미엄, 프리미엄 스페셜, 모던 베이직 (렌터카), 익스클루시브 스페셜, 익스클루시브, 모던 베이직, 개인형, 모범형, 모범형 VIP 패키지 | level_name_examples=2.2 디젤, 2.4, 3.0, 3.0 LPi, 3.0 LPi (렌터카용), 3.0 LPi (장애인용), 3.0 LPi (택시형), 3.3 | launch_price_range_krw=0~43300000 | displacement_range_cc=2199~3342 | body_length_range_mm=4930~4930"
hyundai,그랜저IG 하이브리드,"['익스클루시브', '익스클루시브 스페셜', '프리미엄']",['2.4 HEV'],"class_name_examples=익스클루시브, 익스클루시브 스페셜, 프리미엄 | level_name_examples=2.4 HEV | launch_price_range_krw=0~41380000 | displacement_range_cc=2359~2359 | body_length_range_mm=4930~4930"
hyundai,뉴 i30,"['PYL', 'PYL 튜익스 블랙 라이트', 'PYL 튜익스 크레용', '블루세이버', '유니크', '익스트림', 'D 스펙']","['1.6', '1.6 디젤', '2.0']","class_name_examples=PYL, PYL 튜익스 블랙 라이트, PYL 튜익스 크레용, 블루세이버, 유니크, 익스트림, D 스펙 | level_name_examples=1.6, 1.6 디젤, 2.0 | launch_price_range_krw=18200000~24800000 | displacement_range_cc=1582~1999 | body_length_range_mm=4300~4300"
hyundai,뉴 에쿠스,"['VS380 럭셔리', 'VS380 모던', 'VS380 익스클루시브', 'VS380 프라임', 'VS380 프라임 VIP팩', 'VS380 프레스티지', 'VS380 프레스티지 VIP팩Ⅰ', 'VS380 프레스티지 VIP팩Ⅱ', 'VS380 프레스티지 VVIP팩', 'VS380 프리미엄']","['3.8', '3.8 리무진', '4.6', '5.0', '5.0 리무진']","class_name_examples=VS380 럭셔리, VS380 모던, VS380 익스클루시브, VS380 프라임, VS380 프라임 VIP팩, VS380 프레스티지, VS380 프레스티지 VIP팩Ⅰ, VS380 프레스티지 VIP팩Ⅱ, VS380 프레스티지 VVIP팩, VS380 프리미엄 | level_name_examples=3.8, 3.8 리무진, 4.6, 5.0, 5.0 리무진 | launch_price_range_krw=0~146720000 | displacement_range_cc=3778~5038 | body_length_range_mm=5160~5460"
hyundai,뉴 카운티,['25인승 골드'],['장축'],class_name_examples=25인승 골드 | level_name_examples=장축 | launch_price_range_krw=0~0 | displacement_range_cc=3933~3933 | body_length_range_mm=7085~7085
hyundai,뉴 투싼ix,"['모던', '스마트 스페셜', '스타일', '월드컵 에디션', '스마트', '프리미엄']","['2.0 가솔린', '2.0 디젤 2WD', '2.0 디젤 4WD']","class_name_examples=모던, 스마트 스페셜, 스타일, 월드컵 에디션, 스마트, 프리미엄 | level_name_examples=2.0 가솔린, 2.0 디젤 2WD, 2.0 디젤 4WD | launch_price_range_krw=19550000~29300000 | displacement_range_cc=1995~1999 | body_length_range_mm=4410~4410"
hyundai,더 뉴 i30,"['PYL', '유니크', '튜익스', '튜익스 블랙 라이트', 'D 스펙']","['1.6 디젤', '2.0']","class_name_examples=PYL, 유니크, 튜익스, 튜익스 블랙 라이트, D 스펙 | level_name_examples=1.6 디젤, 2.0 | launch_price_range_krw=18550000~24340000 | displacement_range_cc=1582~1999 | body_length_range_mm=4300~4300"
hyundai,더 뉴 i40,"['D 스펙', 'PYL', '스마트', '유니크', '프리미엄']","['1.7 디젤', '2.0']","class_name_examples=D 스펙, PYL, 스마트, 유니크, 프리미엄 | level_name_examples=1.7 디젤, 2.0 | launch_price_range_krw=24960000~32050000 | displacement_range_cc=1685~1999 | body_length_range_mm=4815~4820"
hyundai,더 뉴 i40 살룬,"['D 스펙', 'PYL', '스마트', '유니크', '프리미엄']","['1.7 디젤', '2.0']","class_name_examples=D 스펙, PYL, 스마트, 유니크, 프리미엄 | level_name_examples=1.7 디젤, 2.0 | launch_price_range_krw=24210000~29100000 | displacement_range_cc=1685~1999 | body_length_range_mm=4745~4745"
hyundai,더 뉴 그랜드스타렉스,"['스마트', '12인승', '15인승', '-', '익스클루시브', '익스클루시브 듀얼 선루프', '스타일', '모던', '2WD', '4WD']","['2.4 LPi 밴 3인승', '2.4 LPi 밴 5인승', '2.4 LPi 어린이보호차', '2.4 LPi 캠핑카', '2.5 디젤 리무진 6인승 2WD', '2.5 디젤 리무진 6인승 4WD', '2.5 디젤 리무진 9인승 2WD', '2.5 디젤 리무진 9인승 4WD', '2.5 디젤 밴 3인승', '2.5 디젤 밴 5인승']","class_name_examples=스마트, 12인승, 15인승, -, 익스클루시브, 익스클루시브 듀얼 선루프, 스타일, 모던, 2WD, 4WD | level_name_examples=2.4 LPi 밴 3인승, 2.4 LPi 밴 5인승, 2.4 LPi 어린이보호차, 2.4 LPi 캠핑카, 2.5 디젤 리무진 6인승 2WD, 2.5 디젤 리무진 6인승 4WD, 2.5 디젤 리무진 9인승 2WD, 2.5 디젤 리무진 9인승 4WD, 2.5 디젤 밴 3인승, 2.5 디젤 밴 5인승 | launch_price_range_krw=0~60380000 | displacement_range_cc=2359~2497 | body_length_range_mm=5150~5175"
hyundai,더 뉴 그랜저,"['르블랑', '익스클루시브', '캘리그래피', '프리미엄', '프리미엄 초이스', '모던', '익스클루시브 플러스', '프리미엄 플러스', '고급형', '고급형 VIP 패키지']","['2.5', '3.0 LPi', '3.0 LPi (렌터카용)', '3.0 LPi (장애인용)', '3.0 LPi (택시형)', '3.3']","class_name_examples=르블랑, 익스클루시브, 캘리그래피, 프리미엄, 프리미엄 초이스, 모던, 익스클루시브 플러스, 프리미엄 플러스, 고급형, 고급형 VIP 패키지 | level_name_examples=2.5, 3.0 LPi, 3.0 LPi (렌터카용), 3.0 LPi (장애인용), 3.0 LPi (택시형), 3.3 | launch_price_range_krw=0~43880000 | displacement_range_cc=2497~3342 | body_length_range_mm=4990~4990"
hyundai,더 뉴 그랜저 하이브리드,"['르블랑', '익스클루시브', '캘리그래피', '프리미엄', '프리미엄 초이스']",['2.4 HEV'],"class_name_examples=르블랑, 익스클루시브, 캘리그래피, 프리미엄, 프리미엄 초이스 | level_name_examples=2.4 HEV | launch_price_range_krw=34020000~46320000 | displacement_range_cc=2359~2999 | body_length_range_mm=4990~4990"
hyundai,더 뉴 맥스크루즈,"['익스클루시브', '익스클루시브 스페셜', '파이니스트 에디션', '프레스티지']","['2.2 디젤 2WD', '2.2 디젤 4WD', '3.3 가솔린 2WD', '3.3 가솔린 4WD']","class_name_examples=익스클루시브, 익스클루시브 스페셜, 파이니스트 에디션, 프레스티지 | level_name_examples=2.2 디젤 2WD, 2.2 디젤 4WD, 3.3 가솔린 2WD, 3.3 가솔린 4WD | launch_price_range_krw=31510000~43090000 | displacement_range_cc=2199~3342 | body_length_range_mm=4905~4915"
hyundai,더 뉴 벨로스터,"['PYL', 'PYL DCT', '유니크', 'D 스펙']","['1.6', '1.6 터보']","class_name_examples=PYL, PYL DCT, 유니크, D 스펙 | level_name_examples=1.6, 1.6 터보 | launch_price_range_krw=18450000~23700000 | displacement_range_cc=1591~1591 | body_length_range_mm=4220~4250"
hyundai,더 뉴 스타리아,"['7인승', '리무진', '인스퍼레이션', '-', '프레스티지', '9인승', '모던', '스마트', '특장업체', '프레스티지 캠퍼 11인승']","['2.2 디젤 7인승 휠체어 리프트 2WD', '2.2 디젤 7인승 휠체어 리프트 4WD', '2.2 디젤 7인승 휠체어 슬로프 2WD', '2.2 디젤 라운지 7인승 2WD', '2.2 디젤 라운지 7인승 4WD', '2.2 디젤 라운지 9인승 2WD', '2.2 디젤 라운지 9인승 4WD', '2.2 디젤 라운지 모빌리티 7인승 2WD', '2.2 디젤 라운지 모빌리티 7인승 4WD', '2.2 디젤 라운지 모빌리티 9인승 2WD']","class_name_examples=7인승, 리무진, 인스퍼레이션, -, 프레스티지, 9인승, 모던, 스마트, 특장업체, 프레스티지 캠퍼 11인승 | level_name_examples=2.2 디젤 7인승 휠체어 리프트 2WD, 2.2 디젤 7인승 휠체어 리프트 4WD, 2.2 디젤 7인승 휠체어 슬로프 2WD, 2.2 디젤 라운지 7인승 2WD, 2.2 디젤 라운지 7인승 4WD, 2.2 디젤 라운지 9인승 2WD, 2.2 디젤 라운지 9인승 4WD, 2.2 디젤 라운지 모빌리티 7인승 2WD, 2.2 디젤 라운지 모빌리티 7인승 4WD, 2.2 디젤 라운지 모빌리티 9인승 2WD | launch_price_range_krw=0~50210000 | displacement_range_cc=1598~3470 | body_length_range_mm=5255~5255"
hyundai,더 뉴 싼타페,"['익스클루시브 5인승', '익스클루시브 6인승', '익스클루시브 7인승', '캘리그래피 5인승', '캘리그래피 6인승', '캘리그래피 7인승', '프레스티지 5인승', '프레스티지 6인승', '프레스티지 7인승', '프리미엄 5인승']","['2.2 디젤 2WD', '2.2 디젤 4WD', '2.5 가솔린 터보 2WD', '2.5 가솔린 터보 AWD']","class_name_examples=익스클루시브 5인승, 익스클루시브 6인승, 익스클루시브 7인승, 캘리그래피 5인승, 캘리그래피 6인승, 캘리그래피 7인승, 프레스티지 5인승, 프레스티지 6인승, 프레스티지 7인승, 프리미엄 5인승 | level_name_examples=2.2 디젤 2WD, 2.2 디젤 4WD, 2.5 가솔린 터보 2WD, 2.5 가솔린 터보 AWD | launch_price_range_krw=0~43860000 | displacement_range_cc=2151~2497 | body_length_range_mm=4785~4800"
hyundai,더 뉴 싼타페 하이브리드,"['익스클루시브 5인승', '익스클루시브 6인승', '익스클루시브 7인승', '캘리그래피 5인승', '캘리그래피 6인승', '캘리그래피 7인승', '프레스티지 5인승', '프레스티지 6인승', '프레스티지 7인승']","['1.6 터보 HEV 2WD', '1.6 터보 HEV AWD']","class_name_examples=익스클루시브 5인승, 익스클루시브 6인승, 익스클루시브 7인승, 캘리그래피 5인승, 캘리그래피 6인승, 캘리그래피 7인승, 프레스티지 5인승, 프레스티지 6인승, 프레스티지 7인승 | level_name_examples=1.6 터보 HEV 2WD, 1.6 터보 HEV AWD | launch_price_range_krw=34800000~46560000 | displacement_range_cc=1598~1598 | body_length_range_mm=4785~4800"
hyundai,더 뉴 아반떼,"['모던', '모던 튜익스 에디션 II', '스마트', '스마트 튜익스 에디션 I', '스타일', '월드컵 에디션', '텐 밀리언 리미티드', '텐 밀리언 튜익스 에디션 II', '프리미엄', '프리미엄 튜익스 에디션 II']","['1.6', '1.6 LPi', '1.6 LPi (장애인용)', '1.6 디젤']","class_name_examples=모던, 모던 튜익스 에디션 II, 스마트, 스마트 튜익스 에디션 I, 스타일, 월드컵 에디션, 텐 밀리언 리미티드, 텐 밀리언 튜익스 에디션 II, 프리미엄, 프리미엄 튜익스 에디션 II | level_name_examples=1.6, 1.6 LPi, 1.6 LPi (장애인용), 1.6 디젤 | launch_price_range_krw=0~24150000 | displacement_range_cc=1582~1591 | body_length_range_mm=4550~4570"
hyundai,더 뉴 아반떼 [CN7],"['N라인', '모던', '스마트', '인스퍼레이션']","['1.6', '1.6 LPi', '1.6 LPi (렌터카용)', '1.6 LPi (장애인용)']","class_name_examples=N라인, 모던, 스마트, 인스퍼레이션 | level_name_examples=1.6, 1.6 LPi, 1.6 LPi (렌터카용), 1.6 LPi (장애인용) | launch_price_range_krw=0~28060000 | displacement_range_cc=1591~1598 | body_length_range_mm=4670~4710"
hyundai,더 뉴 아반떼 하이브리드 [CN7],"['N라인', '모던', '스마트', '인스퍼레이션']",['1.6 HEV'],"class_name_examples=N라인, 모던, 스마트, 인스퍼레이션 | level_name_examples=1.6 HEV | launch_price_range_krw=25780000~32030000 | displacement_range_cc=1580~1580 | body_length_range_mm=4670~4710"
hyundai,더 뉴 아반떼AD,"['스마트', '스마트 베스트 초이스팩', '스마트 초이스', '스타일', '프리미엄', '모던']","['1.6', '1.6 LPi', '1.6 LPi (렌터카용)', '1.6 LPi (장애인용)', '1.6 디젤', '1.6 터보 스포츠']","class_name_examples=스마트, 스마트 베스트 초이스팩, 스마트 초이스, 스타일, 프리미엄, 모던 | level_name_examples=1.6, 1.6 LPi, 1.6 LPi (렌터카용), 1.6 LPi (장애인용), 1.6 디젤, 1.6 터보 스포츠 | launch_price_range_krw=16170000~24540000 | displacement_range_cc=1582~1598 | body_length_range_mm=4570~4620"
hyundai,더 뉴 아이오닉 플러그인,"['N', 'Q']",['1.6 HEV'],"class_name_examples=N, Q | level_name_examples=1.6 HEV | launch_price_range_krw=31340000~33940000 | displacement_range_cc=1580~1580 | body_length_range_mm=4470~4470"
hyundai,더 뉴 아이오닉 하이브리드,"['I', 'N', 'Q']",['1.6 HEV'],"class_name_examples=I, N, Q | level_name_examples=1.6 HEV | launch_price_range_krw=22420000~26930000 | displacement_range_cc=1580~1580 | body_length_range_mm=4470~4470"
hyundai,더 뉴 제네시스 쿠페,"['D', 'S', 'GT P', 'GT R']","['2.0 터보', '3.8']","class_name_examples=D, S, GT P, GT R | level_name_examples=2.0 터보, 3.8 | launch_price_range_krw=26200000~35830000 | displacement_range_cc=1998~3778 | body_length_range_mm=4630~4630"
hyundai,더 뉴 캐스퍼,"['디 에센셜', '스마트', '인스퍼레이션']","['1.0', '1.0 터보']","class_name_examples=디 에센셜, 스마트, 인스퍼레이션 | level_name_examples=1.0, 1.0 터보 | launch_price_range_krw=14930000~21070000 | displacement_range_cc=998~998 | body_length_range_mm=3595~3595"
hyundai,더 뉴 코나,"['N 라인 모던', 'N 라인 인스퍼레이션', '모던', '스마트', '인스퍼레이션']","['1.6 가솔린 터보 2WD', '1.6 가솔린 터보 4WD', '2.0 가솔린 2WD', '2.0 가솔린 4WD']","class_name_examples=N 라인 모던, N 라인 인스퍼레이션, 모던, 스마트, 인스퍼레이션 | level_name_examples=1.6 가솔린 터보 2WD, 1.6 가솔린 터보 4WD, 2.0 가솔린 2WD, 2.0 가솔린 4WD | launch_price_range_krw=19620000~29960000 | displacement_range_cc=1598~1999 | body_length_range_mm=4205~4205"
hyundai,더 뉴 코나 하이브리드,"['모던', '스마트', '인스퍼레이션']",['1.6 HEV 2WD'],"class_name_examples=모던, 스마트, 인스퍼레이션 | level_name_examples=1.6 HEV 2WD | launch_price_range_krw=24730000~31170000 | displacement_range_cc=1580~1580 | body_length_range_mm=4205~4205"
hyundai,더 뉴 투싼,"['N 라인 인스퍼레이션', 'N 라인 프리미엄', '모던', '인스퍼레이션', '프리미엄']","['1.6 터보 2WD', '1.6 터보 AWD', '2.0 디젤 2WD', '2.0 디젤 AWD']","class_name_examples=N 라인 인스퍼레이션, N 라인 프리미엄, 모던, 인스퍼레이션, 프리미엄 | level_name_examples=1.6 터보 2WD, 1.6 터보 AWD, 2.0 디젤 2WD, 2.0 디젤 AWD | launch_price_range_krw=0~40040000 | displacement_range_cc=1598~1998 | body_length_range_mm=4640~4650"
hyundai,더 뉴 투싼 하이브리드,"['N 라인 인스퍼레이션', 'N 라인 프리미엄', '모던', '인스퍼레이션', '프리미엄']","['1.6 터보 HEV 2WD', '1.6 터보 HEV AWD']","class_name_examples=N 라인 인스퍼레이션, N 라인 프리미엄, 모던, 인스퍼레이션, 프리미엄 | level_name_examples=1.6 터보 HEV 2WD, 1.6 터보 HEV AWD | launch_price_range_krw=0~41610000 | displacement_range_cc=1598~1598 | body_length_range_mm=4640~4650"
hyundai,더 뉴 팰리세이드,"['VIP', '익스클루시브', '캘리그래피', '캘리그래피 블랙에디션', '프레스티지', '르블랑']","['2.2 디젤 2WD', '2.2 디젤 4WD', '3.8 가솔린 2WD', '3.8 가솔린 4WD']","class_name_examples=VIP, 익스클루시브, 캘리그래피, 캘리그래피 블랙에디션, 프레스티지, 르블랑 | level_name_examples=2.2 디젤 2WD, 2.2 디젤 4WD, 3.8 가솔린 2WD, 3.8 가솔린 4WD | launch_price_range_krw=0~51760000 | displacement_range_cc=2199~3778 | body_length_range_mm=4995~4995"
hyundai,디 올 뉴 그랜저,"['아너스', '익스클루시브', '캘리그래피', '캘리그래피(블랙익스테리어)', '캘리그래피(블랙잉크)', '프리미엄', '캘리그래피 (블랙익스테리어)', '캘리그래피 (블랙잉크)', '익스클루시브 플러스', '프리미엄 플러스']","['2.5 2WD', '3.5 2WD', '3.5 4WD', '3.5 LPG 2WD', '3.5 LPG 2WD (장애인용)', '3.5 LPG 2WD (택시형)']","class_name_examples=아너스, 익스클루시브, 캘리그래피, 캘리그래피(블랙익스테리어), 캘리그래피(블랙잉크), 프리미엄, 캘리그래피 (블랙익스테리어), 캘리그래피 (블랙잉크), 익스클루시브 플러스, 프리미엄 플러스 | level_name_examples=2.5 2WD, 3.5 2WD, 3.5 4WD, 3.5 LPG 2WD, 3.5 LPG 2WD (장애인용), 3.5 LPG 2WD (택시형) | launch_price_range_krw=0~52950000 | displacement_range_cc=2497~3470 | body_length_range_mm=5035~5035"
hyundai,디 올 뉴 그랜저 하이브리드,"['아너스', '익스클루시브', '캘리그래피', '캘리그래피(블랙익스테리어)', '캘리그래피(블랙잉크)', '프리미엄']",['1.6 터보 HEV'],"class_name_examples=아너스, 익스클루시브, 캘리그래피, 캘리그래피(블랙익스테리어), 캘리그래피(블랙잉크), 프리미엄 | level_name_examples=1.6 터보 HEV | launch_price_range_krw=42660000~53930000 | displacement_range_cc=1598~1598 | body_length_range_mm=5035~5035"
hyundai,디 올 뉴 싼타페,"['H-Pick', '블랙 익스테리어', '블랙잉크', '익스클루시브', '캘리그래피', '프레스티지']","['2.5 가솔린 터보 2WD', '2.5 가솔린 터보 AWD']","class_name_examples=H-Pick, 블랙 익스테리어, 블랙잉크, 익스클루시브, 캘리그래피, 프레스티지 | level_name_examples=2.5 가솔린 터보 2WD, 2.5 가솔린 터보 AWD | launch_price_range_krw=0~0 | displacement_range_cc=2497~2497 | body_length_range_mm=4830~4830"
hyundai,디 올 뉴 싼타페 하이브리드,"['H-Pick', '블랙 익스테리어', '블랙잉크', '익스클루시브', '캘리그래피', '프레스티지', '프레스티지 플러스']","['1.6 터보 HEV 2WD', '1.6 터보 HEV AWD']","class_name_examples=H-Pick, 블랙 익스테리어, 블랙잉크, 익스클루시브, 캘리그래피, 프레스티지, 프레스티지 플러스 | level_name_examples=1.6 터보 HEV 2WD, 1.6 터보 HEV AWD | launch_price_range_krw=0~46210000 | displacement_range_cc=1598~1598 | body_length_range_mm=4830~4830"
hyundai,디 올 뉴 코나,"['H-Pick', 'N라인', '모던', '블랙 익스테리어', '인스퍼레이션', '프리미엄']","['1.6 가솔린 터보 2WD', '1.6 가솔린 터보 4WD', '2.0 가솔린 2WD']","class_name_examples=H-Pick, N라인, 모던, 블랙 익스테리어, 인스퍼레이션, 프리미엄 | level_name_examples=1.6 가솔린 터보 2WD, 1.6 가솔린 터보 4WD, 2.0 가솔린 2WD | launch_price_range_krw=24680000~32980000 | displacement_range_cc=1598~1999 | body_length_range_mm=4350~4385"
hyundai,디 올 뉴 코나 하이브리드,"['H-Pick', 'N라인', '모던', '블랙 익스테리어', '인스퍼레이션', '프리미엄']",['1.6 터보 HEV'],"class_name_examples=H-Pick, N라인, 모던, 블랙 익스테리어, 인스퍼레이션, 프리미엄 | level_name_examples=1.6 터보 HEV | launch_price_range_krw=30460000~36110000 | displacement_range_cc=1580~1580 | body_length_range_mm=4350~4385"
hyundai,디 올 뉴 투싼,"['N 라인 인스퍼레이션', 'N 라인 프리미엄', '모던', '인스퍼레이션', '프리미엄']","['1.6 가솔린 터보 2WD', '1.6 가솔린 터보 AWD', '2.0 디젤 2WD', '2.0 디젤 AWD']","class_name_examples=N 라인 인스퍼레이션, N 라인 프리미엄, 모던, 인스퍼레이션, 프리미엄 | level_name_examples=1.6 가솔린 터보 2WD, 1.6 가솔린 터보 AWD, 2.0 디젤 2WD, 2.0 디젤 AWD | launch_price_range_krw=0~36920000 | displacement_range_cc=1598~1998 | body_length_range_mm=4630~4630"
hyundai,디 올 뉴 투싼 하이브리드,"['N 라인 인스퍼레이션', 'N 라인 프리미엄', '모던', '인스퍼레이션', '프리미엄']",['1.6 터보 HEV'],"class_name_examples=N 라인 인스퍼레이션, N 라인 프리미엄, 모던, 인스퍼레이션, 프리미엄 | level_name_examples=1.6 터보 HEV | launch_price_range_krw=0~37550000 | displacement_range_cc=1598~1598 | body_length_range_mm=4630~4630"
hyundai,디 올 뉴 팰리세이드,"['익스클루시브', '캘리그래피', '프레스티지']","['2.5 가솔린 터보 2WD 7인승', '2.5 가솔린 터보 2WD 9인승', '2.5 가솔린 터보 4WD 7인승', '2.5 가솔린 터보 4WD 9인승', '2.5 가솔린 터보 HEV 2WD 7인승', '2.5 가솔린 터보 HEV 2WD 9인승', '2.5 가솔린 터보 HEV 4WD 7인승', '2.5 가솔린 터보 HEV 4WD 9인승']","class_name_examples=익스클루시브, 캘리그래피, 프레스티지 | level_name_examples=2.5 가솔린 터보 2WD 7인승, 2.5 가솔린 터보 2WD 9인승, 2.5 가솔린 터보 4WD 7인승, 2.5 가솔린 터보 4WD 9인승, 2.5 가솔린 터보 HEV 2WD 7인승, 2.5 가솔린 터보 HEV 2WD 9인승, 2.5 가솔린 터보 HEV 4WD 7인승, 2.5 가솔린 터보 HEV 4WD 9인승 | launch_price_range_krw=0~64240000 | displacement_range_cc=2497~2497 | body_length_range_mm=5060~5065"
hyundai,맥스크루즈,"['익스클루시브', '익스클루시브 스페셜', '수출형']","['2.2 디젤 2WD', '2.2 디젤 4WD', '3.3 가솔린 2WD', '3.3 가솔린 4WD']","class_name_examples=익스클루시브, 익스클루시브 스페셜, 수출형 | level_name_examples=2.2 디젤 2WD, 2.2 디젤 4WD, 3.3 가솔린 2WD, 3.3 가솔린 4WD | launch_price_range_krw=0~40850000 | displacement_range_cc=2199~3342 | body_length_range_mm=4905~4915"
hyundai,베뉴,"['모던', '모던 플러스', '스마트', '프리미엄', '플럭스']",['1.6'],"class_name_examples=모던, 모던 플러스, 스마트, 프리미엄, 플럭스 | level_name_examples=1.6 | launch_price_range_krw=14730000~22120000 | displacement_range_cc=1598~1598 | body_length_range_mm=4040~4040"
hyundai,베라크루즈,"['VX', 'VX 럭셔리', 'VX 모젠팩', 'VX 스마트팩', 'VX 월드컵 스페셜 에디션', 'VX 프리미어', 'VXL', 'VXL 슈프림', 'VXL 프리미엄', 'X']","['3.0 디젤 2WD', '3.0 디젤 4WD', '3.8 가솔린 (수출형)', '3.8 가솔린 2WD', '3.8 가솔린 4WD']","class_name_examples=VX, VX 럭셔리, VX 모젠팩, VX 스마트팩, VX 월드컵 스페셜 에디션, VX 프리미어, VXL, VXL 슈프림, VXL 프리미엄, X | level_name_examples=3.0 디젤 2WD, 3.0 디젤 4WD, 3.8 가솔린 (수출형), 3.8 가솔린 2WD, 3.8 가솔린 4WD | launch_price_range_krw=0~45640000 | displacement_range_cc=2959~3778 | body_length_range_mm=4840~4840"
hyundai,벨로스터,"['DCT팩', 'PYL', 'PYL DCT팩', '유니크', '익스트림', 'D 스펙', 'D 스펙 DCT', 'D 스펙 TUIX 레이싱', '마멀레이드 스페셜 에디션']","['1.6', '1.6 터보']","class_name_examples=DCT팩, PYL, PYL DCT팩, 유니크, 익스트림, D 스펙, D 스펙 DCT, D 스펙 TUIX 레이싱, 마멀레이드 스페셜 에디션 | level_name_examples=1.6, 1.6 터보 | launch_price_range_krw=17900000~23700000 | displacement_range_cc=1591~1591 | body_length_range_mm=4220~4250"
hyundai,벨로스터 N,"['-', '퍼포먼스팩']",['2.0 터보'],"class_name_examples=-, 퍼포먼스팩 | level_name_examples=2.0 터보 | launch_price_range_krw=0~33820000 | displacement_range_cc=1998~1998 | body_length_range_mm=4265~4265"
hyundai,벨로스터 [JS],"['모던', '모던 코어', 'JBL 익스트림 사운드 에디션', '스포츠', '스포츠 코어', '익스트림 드라이빙 에디션']","['1.4 터보', '1.6 터보']","class_name_examples=모던, 모던 코어, JBL 익스트림 사운드 에디션, 스포츠, 스포츠 코어, 익스트림 드라이빙 에디션 | level_name_examples=1.4 터보, 1.6 터보 | launch_price_range_krw=21350000~26250000 | displacement_range_cc=1353~1591 | body_length_range_mm=4240~4240"
hyundai,스타리아,"['리무진', '인스퍼레이션', '프레스티지', '-', '모던', '스마트', '11인승', '9인승', '14인승', '프레스티지 캠퍼 11인승']","['1.6 하이브리드 라운지 7인승 2WD', '1.6 하이브리드 라운지 9인승 2WD', '1.6 하이브리드 라운지 모빌리티 7인승 2WD', '1.6 하이브리드 라운지 모빌리티 9인승 2WD', '1.6 하이브리드 카고 3인승 2WD', '1.6 하이브리드 카고 5인승 2WD', '1.6 하이브리드 투어러 11인승 2WD', '1.6 하이브리드 투어러 9인승 2WD', '2.2 디젤 라운지 7인승 2WD', '2.2 디젤 라운지 7인승 4WD']","class_name_examples=리무진, 인스퍼레이션, 프레스티지, -, 모던, 스마트, 11인승, 9인승, 14인승, 프레스티지 캠퍼 11인승 | level_name_examples=1.6 하이브리드 라운지 7인승 2WD, 1.6 하이브리드 라운지 9인승 2WD, 1.6 하이브리드 라운지 모빌리티 7인승 2WD, 1.6 하이브리드 라운지 모빌리티 9인승 2WD, 1.6 하이브리드 카고 3인승 2WD, 1.6 하이브리드 카고 5인승 2WD, 1.6 하이브리드 투어러 11인승 2WD, 1.6 하이브리드 투어러 9인승 2WD, 2.2 디젤 라운지 7인승 2WD, 2.2 디젤 라운지 7인승 4WD | launch_price_range_krw=0~63570000 | displacement_range_cc=1598~3470 | body_length_range_mm=5255~5255"
hyundai,싼타페 더 프라임,"['밸류 플러스', '스마트', '프리미엄', '1 밀리언', '1 밀리언 스타일', '모던', '익스클루시브', '익스클루시브 스페셜', '1 밀리언 얼티밋']","['2.0 가솔린 터보 2WD', '2.0 가솔린 터보 4WD', '2.0 디젤 2WD', '2.0 디젤 4WD', '2.2 디젤 2WD', '2.2 디젤 4WD']","class_name_examples=밸류 플러스, 스마트, 프리미엄, 1 밀리언, 1 밀리언 스타일, 모던, 익스클루시브, 익스클루시브 스페셜, 1 밀리언 얼티밋 | level_name_examples=2.0 가솔린 터보 2WD, 2.0 가솔린 터보 4WD, 2.0 디젤 2WD, 2.0 디젤 4WD, 2.2 디젤 2WD, 2.2 디젤 4WD | launch_price_range_krw=26950000~39700000 | displacement_range_cc=1995~2199 | body_length_range_mm=4700~4700"
hyundai,싼타페 더스타일,"['MLX 디럭스', 'MLX 프리미어', '프리미어', 'MLX 럭셔리', 'SLX 탑', 'SLX 프리미엄', 'CLX 기본형', 'CLX 디럭스']","['2.0 디젤 2WD', '2.2 디젤 2WD', '2.2 디젤 4WD', '2.4 가솔린', '2.7 LPi']","class_name_examples=MLX 디럭스, MLX 프리미어, 프리미어, MLX 럭셔리, SLX 탑, SLX 프리미엄, CLX 기본형, CLX 디럭스 | level_name_examples=2.0 디젤 2WD, 2.2 디젤 2WD, 2.2 디젤 4WD, 2.4 가솔린, 2.7 LPi | launch_price_range_krw=24650000~38750000 | displacement_range_cc=1991~2656 | body_length_range_mm=4675~4685"
hyundai,싼타페CM,"['CLX 디럭스', 'CLX 최고급형', 'MLX 고급형', 'MLX 기본형', 'MLX 디럭스', 'MLX 럭셔리', 'MLX 스마트팩', 'MLX 월드컵 스페셜 에디션', 'MLX 프리미어', 'SLX 프리미엄']","['2.0 디젤 2WD', '2.2 디젤 2WD', '2.2 디젤 4WD', '2.4 가솔린 (수출형)', '2.7 LPi']","class_name_examples=CLX 디럭스, CLX 최고급형, MLX 고급형, MLX 기본형, MLX 디럭스, MLX 럭셔리, MLX 스마트팩, MLX 월드컵 스페셜 에디션, MLX 프리미어, SLX 프리미엄 | level_name_examples=2.0 디젤 2WD, 2.2 디젤 2WD, 2.2 디젤 4WD, 2.4 가솔린 (수출형), 2.7 LPi | launch_price_range_krw=24650000~38750000 | displacement_range_cc=1991~2656 | body_length_range_mm=4675~4685"
hyundai,싼타페DM,"['모던', '스마트', '익스클루시브', '익스클루시브 스페셜', '프리미엄', '-']","['2.0 디젤 2WD', '2.0 디젤 4WD', '2.2 디젤 2WD', '2.2 디젤 4WD', '3.3 가솔린 4WD (수출형)']","class_name_examples=모던, 스마트, 익스클루시브, 익스클루시브 스페셜, 프리미엄, - | level_name_examples=2.0 디젤 2WD, 2.0 디젤 4WD, 2.2 디젤 2WD, 2.2 디젤 4WD, 3.3 가솔린 4WD (수출형) | launch_price_range_krw=0~37760000 | displacement_range_cc=1995~3342 | body_length_range_mm=4690~4690"
hyundai,싼타페TM,"['익스클루시브', '익스클루시브 스페셜', '인스퍼레이션', '프레스티지', '프리미엄', '모던']","['2.0 가솔린 터보 2WD', '2.0 가솔린 터보 4WD', '2.0 디젤 2WD', '2.0 디젤 4WD', '2.2 디젤 2WD', '2.2 디젤 4WD']","class_name_examples=익스클루시브, 익스클루시브 스페셜, 인스퍼레이션, 프레스티지, 프리미엄, 모던 | level_name_examples=2.0 가솔린 터보 2WD, 2.0 가솔린 터보 4WD, 2.0 디젤 2WD, 2.0 디젤 4WD, 2.2 디젤 2WD, 2.2 디젤 4WD | launch_price_range_krw=0~43100000 | displacement_range_cc=1995~2199 | body_length_range_mm=4770~4770"
hyundai,쏘나타 DN8,"['모던', '스마트', '인스퍼레이션', '프리미엄', '프리미엄 밀레니얼', '프리미엄 패밀리', '프리미엄 플러스', '프리미어 밀레니얼', '스타일', 'N 라인 더 블랙']","['1.6 터보', '2.0', '2.0 LPG (장애인용)', '2.0 LPi', '2.0 LPi (렌터카용)', '2.5 터보']","class_name_examples=모던, 스마트, 인스퍼레이션, 프리미엄, 프리미엄 밀레니얼, 프리미엄 패밀리, 프리미엄 플러스, 프리미어 밀레니얼, 스타일, N 라인 더 블랙 | level_name_examples=1.6 터보, 2.0, 2.0 LPG (장애인용), 2.0 LPi, 2.0 LPi (렌터카용), 2.5 터보 | launch_price_range_krw=21400000~36450000 | displacement_range_cc=1598~2497 | body_length_range_mm=4900~4900"
hyundai,쏘나타 뉴 라이즈,"['마이 시티 에디션', '마이 트립 에디션', '모던', '스마트', '스타일', '프리미엄', '스마트 스페셜', '스마트 초이스', '익스트림 셀렉션', '프리미엄 스페셜']","['1.6 터보', '1.7 디젤', '2.0', '2.0 LPi', '2.0 LPi (장애인용)', '2.0 LPi (택시형)', '2.0 터보']","class_name_examples=마이 시티 에디션, 마이 트립 에디션, 모던, 스마트, 스타일, 프리미엄, 스마트 스페셜, 스마트 초이스, 익스트림 셀렉션, 프리미엄 스페셜 | level_name_examples=1.6 터보, 1.7 디젤, 2.0, 2.0 LPi, 2.0 LPi (장애인용), 2.0 LPi (택시형), 2.0 터보 | launch_price_range_krw=18450000~32930000 | displacement_range_cc=1591~1999 | body_length_range_mm=4855~4855"
hyundai,쏘나타 뉴 라이즈 하이브리드,"['모던', '스마트', '프리미엄', '프리미엄 스페셜', '익스클루시브']","['2.0 HEV', '2.0 PHEV']","class_name_examples=모던, 스마트, 프리미엄, 프리미엄 스페셜, 익스클루시브 | level_name_examples=2.0 HEV, 2.0 PHEV | launch_price_range_krw=29840000~44290000 | displacement_range_cc=1999~1999 | body_length_range_mm=4855~4855"
hyundai,쏘나타 더 브릴리언트,"['모던', '블루세이버', '스마트', '스타일', '어트랙션', '프리미엄']","['2.0', '2.0 터보']","class_name_examples=모던, 블루세이버, 스마트, 스타일, 어트랙션, 프리미엄 | level_name_examples=2.0, 2.0 터보 | launch_price_range_krw=20400000~31900000 | displacement_range_cc=1998~1999 | body_length_range_mm=4820~4820"
hyundai,쏘나타 디 엣지,"['N 라인', '에스', '익스클루시브', '인스퍼레이션', '프리미엄', '비즈니스1', '비즈니스2']","['1.6 터보', '2.0', '2.0 LPi', '2.0 LPi (렌터카용)', '2.0 LPi (장애인용)', '2.5 터보']","class_name_examples=N 라인, 에스, 익스클루시브, 인스퍼레이션, 프리미엄, 비즈니스1, 비즈니스2 | level_name_examples=1.6 터보, 2.0, 2.0 LPi, 2.0 LPi (렌터카용), 2.0 LPi (장애인용), 2.5 터보 | launch_price_range_krw=0~38690000 | displacement_range_cc=1598~2497 | body_length_range_mm=4910~4910"
hyundai,쏘나타 디 엣지 하이브리드,"['에스', '익스클루시브', '인스퍼레이션', '프리미엄']",['2.0 HEV'],"class_name_examples=에스, 익스클루시브, 인스퍼레이션, 프리미엄 | level_name_examples=2.0 HEV | launch_price_range_krw=31870000~38910000 | displacement_range_cc=1999~1999 | body_length_range_mm=4910~4910"
hyundai,쏘나타 하이브리드,"['로얄', '모던', '수출형', '스마트', '프리미어', '프리미엄']",['2.0 HEV'],"class_name_examples=로얄, 모던, 수출형, 스마트, 프리미어, 프리미엄 | level_name_examples=2.0 HEV | launch_price_range_krw=0~34380000 | displacement_range_cc=1999~1999 | body_length_range_mm=4820~4855"
hyundai,쏘나타 하이브리드 [DN8],"['모던', '스마트', '인스퍼레이션', '프리미엄', '프리미엄 밀레니얼', '프리미엄 패밀리', '프리미엄 플러스']",['2.0 HEV'],"class_name_examples=모던, 스마트, 인스퍼레이션, 프리미엄, 프리미엄 밀레니얼, 프리미엄 패밀리, 프리미엄 플러스 | level_name_examples=2.0 HEV | launch_price_range_krw=0~37420000 | displacement_range_cc=1999~1999 | body_length_range_mm=4900~4900"
hyundai,쏠라티,"['디럭스', '럭셔리', '스탠다드', '-', '15인승', '23인승', '럭셔리 4인승']","['2.5 디젤 14인승', '2.5 디젤 15인승', '2.5 디젤 16인승', '2.5 디젤 리무진', '2.5 디젤 투어', '3인승 밴', '방송중계 스튜디오', '어린이버스', '캠핑카']","class_name_examples=디럭스, 럭셔리, 스탠다드, -, 15인승, 23인승, 럭셔리 4인승 | level_name_examples=2.5 디젤 14인승, 2.5 디젤 15인승, 2.5 디젤 16인승, 2.5 디젤 리무진, 2.5 디젤 투어, 3인승 밴, 방송중계 스튜디오, 어린이버스, 캠핑카 | launch_price_range_krw=0~0 | displacement_range_cc=2497~2497 | body_length_range_mm=6195~6195"
hyundai,아반떼 LPi 하이브리드,"['Ⅰ기본형', 'Ⅰ이지팩', 'Ⅱ기본형', 'Ⅲ기본형', 'Ⅲ어드밴스팩']",['1.6 HDE'],"class_name_examples=Ⅰ기본형, Ⅰ이지팩, Ⅱ기본형, Ⅲ기본형, Ⅲ어드밴스팩 | level_name_examples=1.6 HDE | launch_price_range_krw=0~25530000 | displacement_range_cc=1591~1591 | body_length_range_mm=4535~4535"
hyundai,아반떼 N,['-'],['2.0 터보'],class_name_examples=- | level_name_examples=2.0 터보 | launch_price_range_krw=0~0 | displacement_range_cc=1998~1998 | body_length_range_mm=4675~4675
hyundai,아반떼 쿠페,"['스마트', '튜익스 화이트팩', '프리미엄', '프리미엄 튜익스 화이트팩']",['2.0'],"class_name_examples=스마트, 튜익스 화이트팩, 프리미엄, 프리미엄 튜익스 화이트팩 | level_name_examples=2.0 | launch_price_range_krw=17950000~23150000 | displacement_range_cc=1999~1999 | body_length_range_mm=4540~4540"
hyundai,아반떼AD,"['모던', '모던 스페셜', '밸류 플러스', '스마트', '스마트 스페셜', '스타일', '프리미엄', 'DCT', 'M/T', '오리지널']","['1.6', '1.6 LPi', '1.6 LPi (장애인용)', '1.6 디젤', '1.6 터보 스포츠', '2.0']","class_name_examples=모던, 모던 스페셜, 밸류 플러스, 스마트, 스마트 스페셜, 스타일, 프리미엄, DCT, M/T, 오리지널 | level_name_examples=1.6, 1.6 LPi, 1.6 LPi (장애인용), 1.6 디젤, 1.6 터보 스포츠, 2.0 | launch_price_range_krw=13650000~24270000 | displacement_range_cc=1582~1999 | body_length_range_mm=4530~4570"
hyundai,아반떼MD,"['M16 디럭스', 'M16 럭셔리', 'M16 모던', 'M16 블루세이버', 'M16 에비뉴', 'M16 탑', 'M16 프리미엄', 'M16 스마트', 'M16 스타일', 'M16 프리미어']","['1.6', '1.6 LPi', '1.6 LPi (장애인용)']","class_name_examples=M16 디럭스, M16 럭셔리, M16 모던, M16 블루세이버, M16 에비뉴, M16 탑, M16 프리미엄, M16 스마트, M16 스타일, M16 프리미어 | level_name_examples=1.6, 1.6 LPi, 1.6 LPi (장애인용) | launch_price_range_krw=0~21650000 | displacement_range_cc=1591~1591 | body_length_range_mm=4530~4570"
hyundai,아슬란,"['G300 모던', 'G300 모던 베이직', 'G300 모던 스페셜', 'G300 익스클루시브', 'G330 모던', 'G330 익스클루시브', 'G330 프리미엄']","['3.0', '3.3']","class_name_examples=G300 모던, G300 모던 베이직, G300 모던 스페셜, G300 익스클루시브, G330 모던, G330 익스클루시브, G330 프리미엄 | level_name_examples=3.0, 3.3 | launch_price_range_krw=37900000~45900000 | displacement_range_cc=2999~3342 | body_length_range_mm=4970~4970"
hyundai,아이오닉 플러그인,"['N', 'Q']",['1.6 HEV'],"class_name_examples=N, Q | level_name_examples=1.6 HEV | launch_price_range_krw=33260000~35530000 | displacement_range_cc=1580~1580 | body_length_range_mm=4470~4470"
hyundai,아이오닉 하이브리드,"['I', 'N', 'Q', '밸류 플러스']",['1.6 HEV'],"class_name_examples=I, N, Q, 밸류 플러스 | level_name_examples=1.6 HEV | launch_price_range_krw=23000000~28980000 | displacement_range_cc=1580~1580 | body_length_range_mm=4470~4470"
hyundai,엑센트 (신형),"['럭셔리', '모던', '밸류 플러스', '스마트', '스마트 스페셜', '스타일', '프리미어', '프리미엄', '블루세이버', '탑']","['1.4 VVT', '1.6', '1.6 디젤', '위트 1.4 VVT', '위트 1.6', '위트 1.6 디젤']","class_name_examples=럭셔리, 모던, 밸류 플러스, 스마트, 스마트 스페셜, 스타일, 프리미어, 프리미엄, 블루세이버, 탑 | level_name_examples=1.4 VVT, 1.6, 1.6 디젤, 위트 1.4 VVT, 위트 1.6, 위트 1.6 디젤 | launch_price_range_krw=11040000~19640000 | displacement_range_cc=1368~1591 | body_length_range_mm=4115~4370"
hyundai,올 뉴 아반떼 [CN7],"['모던', '스마트', '인스퍼레이션', '스타일', 'N 라인 모던', 'N 라인 스포츠', 'N 라인 인스퍼레이션']","['1.6', '1.6 LPi', '1.6 LPi (렌터카용)', '1.6 LPi (장애인용)', '1.6 터보']","class_name_examples=모던, 스마트, 인스퍼레이션, 스타일, N 라인 모던, N 라인 스포츠, N 라인 인스퍼레이션 | level_name_examples=1.6, 1.6 LPi, 1.6 LPi (렌터카용), 1.6 LPi (장애인용), 1.6 터보 | launch_price_range_krw=0~27790000 | displacement_range_cc=1591~1598 | body_length_range_mm=4650~4675"
hyundai,올 뉴 아반떼 하이브리드 [CN7],"['모던', '스마트', '인스퍼레이션']",['1.6 HEV'],"class_name_examples=모던, 스마트, 인스퍼레이션 | level_name_examples=1.6 HEV | launch_price_range_krw=21990000~28140000 | displacement_range_cc=1580~1580 | body_length_range_mm=4650~4650"
hyundai,올 뉴 투싼,"['모던', '모던 초이스', '모던 피버', '베스트 초이스', '스마트', '스타일', '스타일 피버', '얼티밋 에디션', '인스퍼레이션', '프리미엄']","['1.6 가솔린 터보 2WD', '1.6 가솔린 터보 4WD', '1.6 디젤 2WD', '1.6 디젤 4WD', '1.7 디젤 2WD', '2.0 디젤 2WD', '2.0 디젤 4WD']","class_name_examples=모던, 모던 초이스, 모던 피버, 베스트 초이스, 스마트, 스타일, 스타일 피버, 얼티밋 에디션, 인스퍼레이션, 프리미엄 | level_name_examples=1.6 가솔린 터보 2WD, 1.6 가솔린 터보 4WD, 1.6 디젤 2WD, 1.6 디젤 4WD, 1.7 디젤 2WD, 2.0 디젤 2WD, 2.0 디젤 4WD | launch_price_range_krw=19630000~33050000 | displacement_range_cc=1591~1995 | body_length_range_mm=4475~4480"
hyundai,제네시스,"['그랜드', '그랜드 프라임팩', '럭셔리', '럭셔리 VIP팩', '럭셔리 프라임팩', '모던', '모던 스페셜', '프리미엄', '프리미엄 다이나믹 에디션', '프리미엄 스페셜']","['BH330', 'BH380', 'GP380', 'GP500']","class_name_examples=그랜드, 그랜드 프라임팩, 럭셔리, 럭셔리 VIP팩, 럭셔리 프라임팩, 모던, 모던 스페셜, 프리미엄, 프리미엄 다이나믹 에디션, 프리미엄 스페셜 | level_name_examples=BH330, BH380, GP380, GP500 | launch_price_range_krw=0~79000000 | displacement_range_cc=3342~5038 | body_length_range_mm=4975~4985"
hyundai,제네시스 DH,"['-', '모던', '프리미엄', '익스클루시브', '파이니스트 에디션', '프레스티지']","['5.0 (수출형)', '5.0 AWD (수출형)', 'G330', 'G330 AWD', 'G380', 'G380 AWD']","class_name_examples=-, 모던, 프리미엄, 익스클루시브, 파이니스트 에디션, 프레스티지 | level_name_examples=5.0 (수출형), 5.0 AWD (수출형), G330, G330 AWD, G380, G380 AWD | launch_price_range_krw=0~71670000 | displacement_range_cc=3342~5038 | body_length_range_mm=4985~4990"
hyundai,제네시스 쿠페,"['D', 'P', 'R', 'RW', 'GT P', 'GT R', 'GT RW']","['2.0 터보', '3.8']","class_name_examples=D, P, R, RW, GT P, GT R, GT RW | level_name_examples=2.0 터보, 3.8 | launch_price_range_krw=23200000~35820000 | displacement_range_cc=1998~3778 | body_length_range_mm=4630~4630"
hyundai,캐스퍼,"['디 에센셜', '모던', '스마트', '인스퍼레이션']","['1.0', '1.0 밴', '1.0 터보', '1.0 터보 밴']","class_name_examples=디 에센셜, 모던, 스마트, 인스퍼레이션 | level_name_examples=1.0, 1.0 밴, 1.0 터보, 1.0 터보 밴 | launch_price_range_krw=0~18700000 | displacement_range_cc=998~998 | body_length_range_mm=3595~3595"
hyundai,코나,"['모던', '모던 아트', '모던 초이스', '모던 테크', '모던 팝', '스마트', '아이언맨 에디션', '프리미엄', '플럭스 모던', '플럭스 프리미엄']","['1.6 가솔린 터보 2WD', '1.6 가솔린 터보 4WD', '1.6 디젤 2WD', '1.6 디젤 4WD']","class_name_examples=모던, 모던 아트, 모던 초이스, 모던 테크, 모던 팝, 스마트, 아이언맨 에디션, 프리미엄, 플럭스 모던, 플럭스 프리미엄 | level_name_examples=1.6 가솔린 터보 2WD, 1.6 가솔린 터보 4WD, 1.6 디젤 2WD, 1.6 디젤 4WD | launch_price_range_krw=0~31220000 | displacement_range_cc=1582~1598 | body_length_range_mm=4165~4165"
hyundai,코나 N,['-'],['2.0 가솔린 터보'],class_name_examples=- | level_name_examples=2.0 가솔린 터보 | launch_price_range_krw=34180000~34180000 | displacement_range_cc=1998~1998 | body_length_range_mm=4215~4215
hyundai,코나 하이브리드,"['모던 스페셜', '스마트 스페셜', '프리미엄 스페셜']",['1.6 HEV 2WD'],"class_name_examples=모던 스페셜, 스마트 스페셜, 프리미엄 스페셜 | level_name_examples=1.6 HEV 2WD | launch_price_range_krw=23730000~27300000 | displacement_range_cc=1580~1580 | body_length_range_mm=4165~4165"
hyundai,투싼ix,"['LMX20 프리미엄', 'LX20 럭셔리', 'LX20 프리미어', 'X20 워너비', 'LX20 모던', 'LX20 스마트팩', 'LX20 월드컵 스페셜 에디션', 'X20 디럭스', 'X20 럭셔리', 'X20 스마트']","['2.0 가솔린', '2.0 디젤 2WD', '2.0 디젤 4WD']","class_name_examples=LMX20 프리미엄, LX20 럭셔리, LX20 프리미어, X20 워너비, LX20 모던, LX20 스마트팩, LX20 월드컵 스페셜 에디션, X20 디럭스, X20 럭셔리, X20 스마트 | level_name_examples=2.0 가솔린, 2.0 디젤 2WD, 2.0 디젤 4WD | launch_price_range_krw=18700000~30110000 | displacement_range_cc=1995~1998 | body_length_range_mm=4410~4410"
hyundai,팰리세이드,"['VIP', '익스클루시브', '캘리그래피', '프레스티지']","['2.2 디젤 2WD', '2.2 디젤 4WD', '3.8 가솔린 2WD', '3.8 가솔린 4WD']","class_name_examples=VIP, 익스클루시브, 캘리그래피, 프레스티지 | level_name_examples=2.2 디젤 2WD, 2.2 디젤 4WD, 3.8 가솔린 2WD, 3.8 가솔린 4WD | launch_price_range_krw=0~55620000 | displacement_range_cc=2199~3778 | body_length_range_mm=4980~4980"
hyundai,포레스트,"['디럭스', '스탠다드', '엔트리']",['2.5 디젤 캠핑카'],"class_name_examples=디럭스, 스탠다드, 엔트리 | level_name_examples=2.5 디젤 캠핑카 | launch_price_range_krw=48990000~77060000 | displacement_range_cc=2497~2497 | body_length_range_mm=5680~5680"
hyundai,포터2,"['초장축 플러스', '모던플러스', '스마트', '스타일']","['CRDi 더블캡', '슈퍼캡 내장탑차']","class_name_examples=초장축 플러스, 모던플러스, 스마트, 스타일 | level_name_examples=CRDi 더블캡, 슈퍼캡 내장탑차 | launch_price_range_krw=0~0 | displacement_range_cc=2497~2497 | body_length_range_mm=5120~5170"
kgm,G4 렉스턴,"['럭셔리', '마제스티', '마제스티 스페셜', '유라시아 에디션', '프라임', '헤리티지', '헤리티지 스페셜', '화이트 에디션']","['2.2 디젤 2WD 5인승', '2.2 디젤 4WD 5인승', '2.2 디젤 4WD 7인승']","class_name_examples=럭셔리, 마제스티, 마제스티 스페셜, 유라시아 에디션, 프라임, 헤리티지, 헤리티지 스페셜, 화이트 에디션 | level_name_examples=2.2 디젤 2WD 5인승, 2.2 디젤 4WD 5인승, 2.2 디젤 4WD 7인승 | launch_price_range_krw=0~46090000 | displacement_range_cc=2157~2157 | body_length_range_mm=4850~4850"
kgm,뉴 로디우스,"['RD400 EZ 스페셜', 'RD400 최고급형', 'RD500 EZ 스페셜', 'RD500 최고급형', '플래티넘', 'RD400']","['2.7 디젤 2WD 9인승', '2.7 디젤 4WD 11인승']","class_name_examples=RD400 EZ 스페셜, RD400 최고급형, RD500 EZ 스페셜, RD500 최고급형, 플래티넘, RD400 | level_name_examples=2.7 디젤 2WD 9인승, 2.7 디젤 4WD 11인승 | launch_price_range_krw=0~32020000 | displacement_range_cc=2696~2696 | body_length_range_mm=5125~5130"
kgm,뉴 스타일 코란도 C,"['DX', 'KX', 'RX', 'RX 고급형', 'RX 최고급형', '익스트림', '익스트림 스포츠']","['2.2 디젤 2WD', '2.2 디젤 4WD']","class_name_examples=DX, KX, RX, RX 고급형, RX 최고급형, 익스트림, 익스트림 스포츠 | level_name_examples=2.2 디젤 2WD, 2.2 디젤 4WD | launch_price_range_krw=23690000~30570000 | displacement_range_cc=2157~2157 | body_length_range_mm=4410~4410"
kgm,뉴 체어맨W,"['CW600 SVIP', 'CW600 럭셔리', 'CW600 프레스티지', 'CW600 VIP', 'CW700 VIP', 'CW700 VVIP', 'CW700 럭셔리', 'CW700 리무진', 'CW700 이그제큐티브', 'CW700 프레스티지']","['3.2', '3.2 AWD', '3.6', '3.6 AWD', '5.0']","class_name_examples=CW600 SVIP, CW600 럭셔리, CW600 프레스티지, CW600 VIP, CW700 VIP, CW700 VVIP, CW700 럭셔리, CW700 리무진, CW700 이그제큐티브, CW700 프레스티지 | level_name_examples=3.2, 3.2 AWD, 3.6, 3.6 AWD, 5.0 | launch_price_range_krw=55640000~114300000 | displacement_range_cc=3199~4966 | body_length_range_mm=5135~5435"
kgm,뉴 코란도 C,"['CVS 고급형', 'CVS 최고급형', 'CVT 고급형', 'CVT 최고급형', 'CVX 고급형', 'CVX 최고급형', 'DX', 'KX', 'RX 고급형', 'RX 최고급형']","['2.0 디젤 2WD', '2.0 디젤 4WD', '2.2 디젤 2WD', '2.2 디젤 4WD']","class_name_examples=CVS 고급형, CVS 최고급형, CVT 고급형, CVT 최고급형, CVX 고급형, CVX 최고급형, DX, KX, RX 고급형, RX 최고급형 | level_name_examples=2.0 디젤 2WD, 2.0 디젤 4WD, 2.2 디젤 2WD, 2.2 디젤 4WD | launch_price_range_krw=20710000~30520000 | displacement_range_cc=1998~2157 | body_length_range_mm=4410~4410"
kgm,뉴카이런,"['LV5', 'LV6', 'LV6 브라운 에디션', '최고급형', 'EV5 고급형', 'LV5 고급형', 'LV5 최고급형', 'LV7', 'LV7 고급형', 'LV7 최고급형']","['2.0 디젤 2WD 5인승', '2.0 디젤 2WD 7인승', '2.0 디젤 4WD 5인승', '2.0 디젤 4WD 7인승', '2.7 디젤 2WD 7인승', '2.7 디젤 4WD 7인승', '2.7 디젤 AWD 7인승']","class_name_examples=LV5, LV6, LV6 브라운 에디션, 최고급형, EV5 고급형, LV5 고급형, LV5 최고급형, LV7, LV7 고급형, LV7 최고급형 | level_name_examples=2.0 디젤 2WD 5인승, 2.0 디젤 2WD 7인승, 2.0 디젤 4WD 5인승, 2.0 디젤 4WD 7인승, 2.7 디젤 2WD 7인승, 2.7 디젤 4WD 7인승, 2.7 디젤 AWD 7인승 | launch_price_range_krw=22370000~35130000 | displacement_range_cc=1988~2696 | body_length_range_mm=4660~4710"
kgm,더 뉴 렉스턴 스포츠,"['노블레스', '와일드', '프레스티지', '와일드 쿨멘']","['2.2 디젤 2WD', '2.2 디젤 2WD 쿨멘', '2.2 디젤 4WD', '2.2 디젤 4WD 쿨멘']","class_name_examples=노블레스, 와일드, 프레스티지, 와일드 쿨멘 | level_name_examples=2.2 디젤 2WD, 2.2 디젤 2WD 쿨멘, 2.2 디젤 4WD, 2.2 디젤 4WD 쿨멘 | launch_price_range_krw=0~35250000 | displacement_range_cc=2157~2157 | body_length_range_mm=5095~5095"
kgm,더 뉴 렉스턴 스포츠 칸,"['노블레스', '와일드', '익스페디션', '프레스티지', '쿨멘 노블레스']","['2.2 디젤 2WD', '2.2 디젤 2WD 쿨멘', '2.2 디젤 4WD', '2.2 디젤 4WD 쿨멘']","class_name_examples=노블레스, 와일드, 익스페디션, 프레스티지, 쿨멘 노블레스 | level_name_examples=2.2 디젤 2WD, 2.2 디젤 2WD 쿨멘, 2.2 디젤 4WD, 2.2 디젤 4WD 쿨멘 | launch_price_range_krw=0~0 | displacement_range_cc=2157~2157 | body_length_range_mm=5405~5415"
kgm,더 뉴 코란도 스포츠,"['CX5 에코', 'CX5 클럽', 'CX7 매니아', 'CX7 비전', 'CX7 클럽', 'CX7 패션', '삼바 에디션', '익스트림']","['2.2 디젤 2WD', '2.2 디젤 4WD']","class_name_examples=CX5 에코, CX5 클럽, CX7 매니아, CX7 비전, CX7 클럽, CX7 패션, 삼바 에디션, 익스트림 | level_name_examples=2.2 디젤 2WD, 2.2 디젤 4WD | launch_price_range_krw=0~0 | displacement_range_cc=2157~2157 | body_length_range_mm=4990~4990"
kgm,렉스턴 뉴 아레나,"['노블레스', '더 블랙', '프리미엄']",['2.2 디젤 4WD'],"class_name_examples=노블레스, 더 블랙, 프리미엄 | level_name_examples=2.2 디젤 4WD | launch_price_range_krw=39790000~51730000 | displacement_range_cc=2157~2157 | body_length_range_mm=4850~4850"
kgm,렉스턴 스포츠,"['노블레스', '어드벤처', '와일드', '프레스티지', '프레스티지 스페셜', '다이내믹 에디션', '캠핑카']","['2.2 디젤 2WD', '2.2 디젤 4WD']","class_name_examples=노블레스, 어드벤처, 와일드, 프레스티지, 프레스티지 스페셜, 다이내믹 에디션, 캠핑카 | level_name_examples=2.2 디젤 2WD, 2.2 디젤 4WD | launch_price_range_krw=0~34400000 | displacement_range_cc=2157~2157 | body_length_range_mm=5095~5095"
kgm,렉스턴 스포츠 칸,"['5링크 노블레스', '5링크 프레스티지', '5링크 프레스티지 스페셜', '5링크 프로페셔널 S', '5링크 프로페셔널 X', '파워 리프 노블레스', '파워 리프 와일드', '파워 리프 파이오니어 S', '파워 리프 파이오니어 X', '파워 리프 프레스티지']","['2.2 디젤 2WD', '2.2 디젤 4WD']","class_name_examples=5링크 노블레스, 5링크 프레스티지, 5링크 프레스티지 스페셜, 5링크 프로페셔널 S, 5링크 프로페셔널 X, 파워 리프 노블레스, 파워 리프 와일드, 파워 리프 파이오니어 S, 파워 리프 파이오니어 X, 파워 리프 프레스티지 | level_name_examples=2.2 디젤 2WD, 2.2 디젤 4WD | launch_price_range_krw=0~36900000 | displacement_range_cc=2157~2157 | body_length_range_mm=5405~5405"
kgm,렉스턴W,"['RX5 디럭스', 'RX7 디럭스', 'RX7 럭셔리', 'RX7 브라운 스페셜', 'RX7 프레스티지', 'RX7 마니아', '노블레스', '어드벤처 60주년 에디션']","['2.0 디젤 2WD', '2.0 디젤 4WD', '2.2 디젤 4WD']","class_name_examples=RX5 디럭스, RX7 디럭스, RX7 럭셔리, RX7 브라운 스페셜, RX7 프레스티지, RX7 마니아, 노블레스, 어드벤처 60주년 에디션 | level_name_examples=2.0 디젤 2WD, 2.0 디젤 4WD, 2.2 디젤 4WD | launch_price_range_krw=27330000~39480000 | displacement_range_cc=1998~2157 | body_length_range_mm=4755~4755"
kgm,무쏘,"['2000', '2000 프레스티지', '2300', '2300 프레스티지', '601', '602 EL', '602 프레스티지', '-', '프레스티지', 'EX']","['2.0 가솔린', '2.3 가솔린', '2.3 디젤', '2.9 디젤', '2.9 디젤 터보인터쿨러', '3.2 가솔린']","class_name_examples=2000, 2000 프레스티지, 2300, 2300 프레스티지, 601, 602 EL, 602 프레스티지, -, 프레스티지, EX | level_name_examples=2.0 가솔린, 2.3 가솔린, 2.3 디젤, 2.9 디젤, 2.9 디젤 터보인터쿨러, 3.2 가솔린 | launch_price_range_krw=17600000~32050000 | displacement_range_cc=1998~3199 | body_length_range_mm=4640~4640"
kgm,무쏘 스포츠,"['290S CT 고급형', '290S CT 기본형', '290S CT 최고급형', 'FX5 CT 고급형', 'FX5 CT 일반형', 'FX5 CT 최고급형', '290S 고급형', '290S 기본형', '290S 최고급형', 'FX5 고급형']","['2.9 디젤 2WD', '2.9 디젤 4WD']","class_name_examples=290S CT 고급형, 290S CT 기본형, 290S CT 최고급형, FX5 CT 고급형, FX5 CT 일반형, FX5 CT 최고급형, 290S 고급형, 290S 기본형, 290S 최고급형, FX5 고급형 | level_name_examples=2.9 디젤 2WD, 2.9 디젤 4WD | launch_price_range_krw=0~20870000 | displacement_range_cc=2874~2874 | body_length_range_mm=4745~4935"
kgm,베리 뉴 티볼리,"['R-PLUS', 'V1', 'V3', 'V3 스페셜', 'V5', 'V7', '리미티드 에디션', '업비트']","['1.5 가솔린 2WD', '1.5 가솔린 4WD', '1.6 디젤 2WD', '1.6 디젤 4WD']","class_name_examples=R-PLUS, V1, V3, V3 스페셜, V5, V7, 리미티드 에디션, 업비트 | level_name_examples=1.5 가솔린 2WD, 1.5 가솔린 4WD, 1.6 디젤 2WD, 1.6 디젤 4WD | launch_price_range_krw=16780000~28140000 | displacement_range_cc=1497~1597 | body_length_range_mm=4225~4225"
kgm,뷰티풀 코란도,"['C3', 'C3 플러스', 'C5', 'C5 프라임', 'C5 플러스', 'C7', 'R-플러스', '딜라이트', '딜라이트 플러스', '샤이니']","['1.5 가솔린 2WD', '1.5 가솔린 4WD', '1.6 디젤 2WD', '1.6 디젤 4WD']","class_name_examples=C3, C3 플러스, C5, C5 프라임, C5 플러스, C7, R-플러스, 딜라이트, 딜라이트 플러스, 샤이니 | level_name_examples=1.5 가솔린 2WD, 1.5 가솔린 4WD, 1.6 디젤 2WD, 1.6 디젤 4WD | launch_price_range_krw=22580000~30720000 | displacement_range_cc=1497~1597 | body_length_range_mm=4450~4450"
kgm,슈퍼 렉스턴,"['RX4 고급형', 'RX4 브라운', 'RX4 최고급형', 'RX5 고급형', 'RX6 고급형', 'RX6 최고급형', 'RX6 브라운 스페셜', 'RX6 브라운 에디션', 'RX7', 'RX7 AWD 브라운 에디션']","['2.0 디젤 2WD', '2.0 디젤 4WD', '2.7 디젤 2WD', '2.7 디젤 4WD', '2.7 디젤 AWD']","class_name_examples=RX4 고급형, RX4 브라운, RX4 최고급형, RX5 고급형, RX6 고급형, RX6 최고급형, RX6 브라운 스페셜, RX6 브라운 에디션, RX7, RX7 AWD 브라운 에디션 | level_name_examples=2.0 디젤 2WD, 2.0 디젤 4WD, 2.7 디젤 2WD, 2.7 디젤 4WD, 2.7 디젤 AWD | launch_price_range_krw=24950000~40700000 | displacement_range_cc=1998~2696 | body_length_range_mm=4735~4735"
kgm,액티언 2세대,"['S8 하이브리드', 'S7', 'S8', 'S9']","['1.5 HEV 2WD', '1.5 가솔린 2WD', '1.5 가솔린 AWD', '1.5 바이퓨얼 2WD', '1.5 바이퓨얼 AWD']","class_name_examples=S8 하이브리드, S7, S8, S9 | level_name_examples=1.5 HEV 2WD, 1.5 가솔린 2WD, 1.5 가솔린 AWD, 1.5 바이퓨얼 2WD, 1.5 바이퓨얼 AWD | launch_price_range_krw=0~0 | displacement_range_cc=1497~1498 | body_length_range_mm=4740~4740"
kgm,올 뉴 렉스턴,"['럭셔리', '프레스티지', '더 블랙', '마스터', '시그니처']","['2.2 디젤 2WD', '2.2 디젤 4WD']","class_name_examples=럭셔리, 프레스티지, 더 블랙, 마스터, 시그니처 | level_name_examples=2.2 디젤 2WD, 2.2 디젤 4WD | launch_price_range_krw=0~50180000 | displacement_range_cc=2157~2157 | body_length_range_mm=4850~4850"
kgm,체어맨H 뉴 클래식,"['500S VIP', '500S 고급형', '500S 브라운 에디션', '500S 최고급형', '600S VIP', '600S 브라운 에디션', '600S 최고급형']","['2.8', '3.2']","class_name_examples=500S VIP, 500S 고급형, 500S 브라운 에디션, 500S 최고급형, 600S VIP, 600S 브라운 에디션, 600S 최고급형 | level_name_examples=2.8, 3.2 | launch_price_range_krw=35750000~47730000 | displacement_range_cc=2799~3199 | body_length_range_mm=5050~5050"
kgm,코란도 C,"['시크', '시크 K룩', '시크 리미티드', '시크 비트', '시크 쿨', '클래시', '클래시 럭셔리', '클래시 컴포트', '클러비', '클러비 K룩']","['2.0 디젤 2WD', '2.0 디젤 4WD']","class_name_examples=시크, 시크 K룩, 시크 리미티드, 시크 비트, 시크 쿨, 클래시, 클래시 럭셔리, 클래시 컴포트, 클러비, 클러비 K룩 | level_name_examples=2.0 디젤 2WD, 2.0 디젤 4WD | launch_price_range_krw=0~27850000 | displacement_range_cc=1998~1998 | body_length_range_mm=4410~4410"
kgm,코란도 스포츠,"['CX5 에코', 'CX5 클럽', 'CX5 패션', 'CX7 레저', 'CX7 매니아', 'CX7 비전', 'CX7 클럽', 'CX7 패션', '어드벤처 60th 에디션']","['2.0 디젤 2WD', '2.0 디젤 4WD']","class_name_examples=CX5 에코, CX5 클럽, CX5 패션, CX7 레저, CX7 매니아, CX7 비전, CX7 클럽, CX7 패션, 어드벤처 60th 에디션 | level_name_examples=2.0 디젤 2WD, 2.0 디젤 4WD | launch_price_range_krw=0~25600000 | displacement_range_cc=1998~1998 | body_length_range_mm=4410~4990"
kgm,코란도 투리스모,"['GT 11인승', 'GT 9인승', 'LT 11인승', 'LT 9인승', 'RT 11인승', 'RT 9인승', '익스트림 11인승', '익스트림 9인승', '샤토 11인승', '샤토 9인승']","['2.0 디젤 2WD', '2.0 디젤 4WD', '2.2 디젤 2WD', '2.2 디젤 4WD']","class_name_examples=GT 11인승, GT 9인승, LT 11인승, LT 9인승, RT 11인승, RT 9인승, 익스트림 11인승, 익스트림 9인승, 샤토 11인승, 샤토 9인승 | level_name_examples=2.0 디젤 2WD, 2.0 디젤 4WD, 2.2 디젤 2WD, 2.2 디젤 4WD | launch_price_range_krw=0~50540000 | displacement_range_cc=1998~2157 | body_length_range_mm=5130~5130"
kgm,토레스,"['T5', 'T7', 'TX', '블랙 에디션', 'TL5', 'TL7']","['1.5 가솔린 2WD', '1.5 가솔린 4WD', '1.5 바이퓨얼 2WD']","class_name_examples=T5, T7, TX, 블랙 에디션, TL5, TL7 | level_name_examples=1.5 가솔린 2WD, 1.5 가솔린 4WD, 1.5 바이퓨얼 2WD | launch_price_range_krw=0~35240000 | displacement_range_cc=1497~1497 | body_length_range_mm=4700~4705"
kgm,티볼리,"['LX', 'LX 고급형', 'LX 최고급형', 'TX', 'TX 스타일', 'VX', '삼바 에디션', '엣지 에디션']","['1.6 가솔린 2WD', '1.6 가솔린 4WD', '1.6 디젤 2WD', '1.6 디젤 4WD']","class_name_examples=LX, LX 고급형, LX 최고급형, TX, TX 스타일, VX, 삼바 에디션, 엣지 에디션 | level_name_examples=1.6 가솔린 2WD, 1.6 가솔린 4WD, 1.6 디젤 2WD, 1.6 디젤 4WD | launch_price_range_krw=0~26270000 | displacement_range_cc=1597~1597 | body_length_range_mm=4195~4195"
kgm,티볼리 아머,"['LX', 'TX', 'VX', '기어 II 드라이빙 기어', '기어 II 스타일링 기어', '기어 에디션', '기어 플러스', '기어 플러스 I', '기어 플러스 II']","['1.6 가솔린 2WD', '1.6 가솔린 4WD', '1.6 디젤 2WD', '1.6 디젤 4WD']","class_name_examples=LX, TX, VX, 기어 II 드라이빙 기어, 기어 II 스타일링 기어, 기어 에디션, 기어 플러스, 기어 플러스 I, 기어 플러스 II | level_name_examples=1.6 가솔린 2WD, 1.6 가솔린 4WD, 1.6 디젤 2WD, 1.6 디젤 4WD | launch_price_range_krw=17830000~26000000 | displacement_range_cc=1597~1597 | body_length_range_mm=4205~4205"
kgm,티볼리 에어,"['A1', 'A3', '업비트', 'AX', 'IX', 'RX']","['1.5 가솔린 2WD', '1.6 가솔린 2WD', '1.6 가솔린 4WD', '1.6 디젤 2WD', '1.6 디젤 4WD']","class_name_examples=A1, A3, 업비트, AX, IX, RX | level_name_examples=1.5 가솔린 2WD, 1.6 가솔린 2WD, 1.6 가솔린 4WD, 1.6 디젤 2WD, 1.6 디젤 4WD | launch_price_range_krw=18760000~25860000 | displacement_range_cc=1497~1597 | body_length_range_mm=4440~4480"
kia,K3,"['W 스페셜', '노블레스', '디럭스', '럭셔리', '럭셔리 에코플러스', '에코 플러스', '트렌디', '프레스티지', '럭셔리 트렌디']","['1.6', '1.6 디젤', '유로 1.6']","class_name_examples=W 스페셜, 노블레스, 디럭스, 럭셔리, 럭셔리 에코플러스, 에코 플러스, 트렌디, 프레스티지, 럭셔리 트렌디 | level_name_examples=1.6, 1.6 디젤, 유로 1.6 | launch_price_range_krw=14030000~21950000 | displacement_range_cc=1582~1591 | body_length_range_mm=4350~4560"
kia,K3 쿱,"['럭셔리', '프레스티지', '노블레스', '트렌디']","['1.6', '1.6 터보']","class_name_examples=럭셔리, 프레스티지, 노블레스, 트렌디 | level_name_examples=1.6, 1.6 터보 | launch_price_range_krw=17720000~22950000 | displacement_range_cc=1591~1591 | body_length_range_mm=4530~4530"
kia,K5,"['노블레스', '디럭스', '럭셔리', '스마트', '스마트 스페셜', '트렌디', '프레스티지', '프레스티지 브라운', '프레스티지 에코플러스']","['2.0', '2.0 LPi', '2.0 터보', '2.4']","class_name_examples=노블레스, 디럭스, 럭셔리, 스마트, 스마트 스페셜, 트렌디, 프레스티지, 프레스티지 브라운, 프레스티지 에코플러스 | level_name_examples=2.0, 2.0 LPi, 2.0 터보, 2.4 | launch_price_range_krw=0~29650000 | displacement_range_cc=1998~2359 | body_length_range_mm=4845~4845"
kia,K5 2세대,"['SX GT 라인', 'SX 노블레스', 'SX 노블레스 스페셜', 'SX 럭셔리', 'SX 스페셜 에디션', 'SX 프레스티지', 'MX 노블레스', 'MX 노블레스 스페셜', 'MX 디럭스', 'MX 럭셔리']","['1.6 터보', '1.7 디젤', '2.0', '2.0 LPi', '2.0 LPi (장애인용)', '2.0 LPi (택시형)', '2.0 터보']","class_name_examples=SX GT 라인, SX 노블레스, SX 노블레스 스페셜, SX 럭셔리, SX 스페셜 에디션, SX 프레스티지, MX 노블레스, MX 노블레스 스페셜, MX 디럭스, MX 럭셔리 | level_name_examples=1.6 터보, 1.7 디젤, 2.0, 2.0 LPi, 2.0 LPi (장애인용), 2.0 LPi (택시형), 2.0 터보 | launch_price_range_krw=0~32950000 | displacement_range_cc=1591~1999 | body_length_range_mm=4855~4855"
kia,K5 3세대,"['노블레스', '시그니처', '트렌디', '프레스티지', '스탠다드']","['1.6 터보', '2.0', '2.0 LPi', '2.0 LPi (렌터카용)', '2.0 LPi (장애인용)']","class_name_examples=노블레스, 시그니처, 트렌디, 프레스티지, 스탠다드 | level_name_examples=1.6 터보, 2.0, 2.0 LPi, 2.0 LPi (렌터카용), 2.0 LPi (장애인용) | launch_price_range_krw=0~30580000 | displacement_range_cc=1598~1999 | body_length_range_mm=4855~4905"
kia,K5 하이브리드,"['500H 노블레스', '500H 럭셔리', '500H 프레스티지', '노블레스', '디럭스', '럭셔리', '프레스티지', '옵티마 (수출형)']","['2.0 HEV', '2.4 HEV']","class_name_examples=500H 노블레스, 500H 럭셔리, 500H 프레스티지, 노블레스, 디럭스, 럭셔리, 프레스티지, 옵티마 (수출형) | level_name_examples=2.0 HEV, 2.4 HEV | launch_price_range_krw=0~33630000 | displacement_range_cc=1999~2359 | body_length_range_mm=4845~4845"
kia,K5 하이브리드 2세대,"['노블레스', '노블레스 스페셜', '프레스티지']","['2.0 HEV', '2.0 PHEV']","class_name_examples=노블레스, 노블레스 스페셜, 프레스티지 | level_name_examples=2.0 HEV, 2.0 PHEV | launch_price_range_krw=29530000~41030000 | displacement_range_cc=1999~1999 | body_length_range_mm=4855~4855"
kia,K5 하이브리드 3세대,"['노블레스', '시그니처', '트렌디', '프레스티지']",['2.0 HEV'],"class_name_examples=노블레스, 시그니처, 트렌디, 프레스티지 | level_name_examples=2.0 HEV | launch_price_range_krw=27490000~33350000 | displacement_range_cc=1999~1999 | body_length_range_mm=4905~4905"
kia,K7,"['디럭스', '디럭스 스페셜', '럭셔리', '럭셔리 프리미엄', '프레스티지', '프레스티지 프리미엄', '노블레스', '노블레스 프리미엄']","['2.4', '2.7', '3.5', '구조변경(가솔린)']","class_name_examples=디럭스, 디럭스 스페셜, 럭셔리, 럭셔리 프리미엄, 프레스티지, 프레스티지 프리미엄, 노블레스, 노블레스 프리미엄 | level_name_examples=2.4, 2.7, 3.5, 구조변경(가솔린) | launch_price_range_krw=0~41350000 | displacement_range_cc=2359~3470 | body_length_range_mm=4965~4965"
kia,K7 프리미어,"['노블레스', '프레스티지', 'X 에디션', '시그니처', '스탠다드', '트렌디']","['2.2 디젤', '2.5', '3.0', '3.0 LPi', '3.0 LPi (렌터카용)', '3.0 LPi (장애인용)', '3.0 LPi (택시형)']","class_name_examples=노블레스, 프레스티지, X 에디션, 시그니처, 스탠다드, 트렌디 | level_name_examples=2.2 디젤, 2.5, 3.0, 3.0 LPi, 3.0 LPi (렌터카용), 3.0 LPi (장애인용), 3.0 LPi (택시형) | launch_price_range_krw=0~37990000 | displacement_range_cc=2199~2999 | body_length_range_mm=4995~4995"
kia,K7 프리미어 하이브리드,"['노블레스', '시그니처', '프레스티지']",['2.4 HEV'],"class_name_examples=노블레스, 시그니처, 프레스티지 | level_name_examples=2.4 HEV | launch_price_range_krw=37650000~41580000 | displacement_range_cc=2359~2359 | body_length_range_mm=4995~4995"
kia,K7 하이브리드,"['700h 럭셔리', '700h 프레스티지']",['2.4 HEV'],"class_name_examples=700h 럭셔리, 700h 프레스티지 | level_name_examples=2.4 HEV | launch_price_range_krw=35050000~37630000 | displacement_range_cc=2359~2359 | body_length_range_mm=4970~4970"
kia,K8,"['노블레스', '노블레스 라이트', '시그니처', '플래티넘', '프레스티지', '스탠다드', '트렌디']","['2.5', '3.5', '3.5 AWD', '3.5 LPi', '3.5 LPi (렌터카용)', '3.5 LPi (장애인용)', '3.5 LPi (택시형)']","class_name_examples=노블레스, 노블레스 라이트, 시그니처, 플래티넘, 프레스티지, 스탠다드, 트렌디 | level_name_examples=2.5, 3.5, 3.5 AWD, 3.5 LPi, 3.5 LPi (렌터카용), 3.5 LPi (장애인용), 3.5 LPi (택시형) | launch_price_range_krw=27550000~45260000 | displacement_range_cc=2497~3470 | body_length_range_mm=5015~5015"
kia,K8 하이브리드,"['노블레스', '노블레스 라이트', '시그니처', '시그니처 스페셜']",['1.6 터보 HEV'],"class_name_examples=노블레스, 노블레스 라이트, 시그니처, 시그니처 스페셜 | level_name_examples=1.6 터보 HEV | launch_price_range_krw=0~0 | displacement_range_cc=1598~1598 | body_length_range_mm=4995~5015"
kia,K9,"['RVIP', '노블레스', '노블레스 스페셜', '이그제큐티브', '프레스티지', '프레스티지 스페셜', 'VIP', '프레지던트']","['3.3', '3.8']","class_name_examples=RVIP, 노블레스, 노블레스 스페셜, 이그제큐티브, 프레스티지, 프레스티지 스페셜, VIP, 프레지던트 | level_name_examples=3.3, 3.8 | launch_price_range_krw=49900000~86400000 | displacement_range_cc=3342~3778 | body_length_range_mm=5090~5095"
kia,뉴 쏘렌토R,"['LX', 'TLX', 'TLX 스페셜', '노블레스', '럭셔리', '리미티드', '리미티드 스페셜', '트렌디', '프레스티지']","['2.0 디젤 2WD', '2.0 디젤 4WD', '2.2 디젤 2WD', '2.2 디젤 4WD']","class_name_examples=LX, TLX, TLX 스페셜, 노블레스, 럭셔리, 리미티드, 리미티드 스페셜, 트렌디, 프레스티지 | level_name_examples=2.0 디젤 2WD, 2.0 디젤 4WD, 2.2 디젤 2WD, 2.2 디젤 4WD | launch_price_range_krw=26450000~37050000 | displacement_range_cc=1995~2199 | body_length_range_mm=4685~4730"
kia,뉴 카니발 R,"['GLX', 'GLX 최고급형', 'GX', '프레지던트']","['2.2 디젤', '2.2 디젤 리무진', '2.7 LPi', '3.5 가솔린 리무진']","class_name_examples=GLX, GLX 최고급형, GX, 프레지던트 | level_name_examples=2.2 디젤, 2.2 디젤 리무진, 2.7 LPi, 3.5 가솔린 리무진 | launch_price_range_krw=25000000~35190000 | displacement_range_cc=2199~3470 | body_length_range_mm=4810~5130"
kia,뉴 페이스 카렌스,"['GLX 고급형', 'GLX 고급형 패밀리팩', 'GLX 최고급형', 'GLX 최고급형 패밀리팩', 'GX 고급형', 'GX 최고급형', 'GX 최고급형 패밀리', '비지니스', '프리미엄']","['2.0 LPi', '2.0 가솔린', '2.0 디젤']","class_name_examples=GLX 고급형, GLX 고급형 패밀리팩, GLX 최고급형, GLX 최고급형 패밀리팩, GX 고급형, GX 최고급형, GX 최고급형 패밀리, 비지니스, 프리미엄 | level_name_examples=2.0 LPi, 2.0 가솔린, 2.0 디젤 | launch_price_range_krw=16260000~24430000 | displacement_range_cc=1991~1998 | body_length_range_mm=4545~4545"
kia,뉴모닝,"['L', 'LX 고급형', 'LX 고급형 블랙프리미엄', 'LX 기본형', 'LX 기본형 블랙프리미엄', 'LX 스페셜', 'SLX 고급형', 'SLX 고급형 블랙 프리미엄', 'SLX 뷰티', 'SLX 뷰티 블랙 프리미엄']","['1.0', '1.0 LPi']","class_name_examples=L, LX 고급형, LX 고급형 블랙프리미엄, LX 기본형, LX 기본형 블랙프리미엄, LX 스페셜, SLX 고급형, SLX 고급형 블랙 프리미엄, SLX 뷰티, SLX 뷰티 블랙 프리미엄 | level_name_examples=1.0, 1.0 LPi | launch_price_range_krw=7160000~10440000 | displacement_range_cc=999~999 | body_length_range_mm=3535~3580"
kia,니로,"['노블레스', '럭셔리', '프레스티지']","['1.6 HEV', '1.6 PHEV']","class_name_examples=노블레스, 럭셔리, 프레스티지 | level_name_examples=1.6 HEV, 1.6 PHEV | launch_price_range_krw=24520000~36110000 | displacement_range_cc=1580~1580 | body_length_range_mm=4355~4355"
kia,더 K9,"['-', '마스터즈', '마스터즈Ⅱ', '그랜드 마스터즈', '마스터즈Ⅲ', '베스트 셀렉션Ⅱ', '플래티넘', '플래티넘Ⅰ', '플래티넘Ⅱ', '그랜드 플래티넘']","['3.3', '3.3 AWD', '3.3 터보', '3.3 터보 AWD', '3.8', '3.8 AWD', '5.0 AWD']","class_name_examples=-, 마스터즈, 마스터즈Ⅱ, 그랜드 마스터즈, 마스터즈Ⅲ, 베스트 셀렉션Ⅱ, 플래티넘, 플래티넘Ⅰ, 플래티넘Ⅱ, 그랜드 플래티넘 | level_name_examples=3.3, 3.3 AWD, 3.3 터보, 3.3 터보 AWD, 3.8, 3.8 AWD, 5.0 AWD | launch_price_range_krw=0~91790000 | displacement_range_cc=3342~5038 | body_length_range_mm=5120~5120"
kia,더 뉴 K3,"['노블레스', '디럭스', '트렌디', '트렌디 A', '트렌디 C', '트렌디 E', '트렌디 스타일', '프레스티지', '프레스티지 스페셜']","['1.6', '1.6 디젤']","class_name_examples=노블레스, 디럭스, 트렌디, 트렌디 A, 트렌디 C, 트렌디 E, 트렌디 스타일, 프레스티지, 프레스티지 스페셜 | level_name_examples=1.6, 1.6 디젤 | launch_price_range_krw=15450000~24200000 | displacement_range_cc=1582~1591 | body_length_range_mm=4560~4560"
kia,더 뉴 K3 [2세대],"['노블레스', '시그니처', '트렌디', '프레스티지']","['1.6', '1.6 터보 GT 5도어']","class_name_examples=노블레스, 시그니처, 트렌디, 프레스티지 | level_name_examples=1.6, 1.6 터보 GT 5도어 | launch_price_range_krw=0~25820000 | displacement_range_cc=1591~1598 | body_length_range_mm=4515~4645"
kia,더 뉴 K3 쿱,"['럭셔리', '프레스티지', '노블레스']","['1.6', '1.6 터보']","class_name_examples=럭셔리, 프레스티지, 노블레스 | level_name_examples=1.6, 1.6 터보 | launch_price_range_krw=18310000~24080000 | displacement_range_cc=1591~1591 | body_length_range_mm=4530~4530"
kia,더 뉴 K5,"['W 스페셜', '노블레스', '디럭스', '럭셔리', '럭셔리 스페셜', '럭셔리 트렌디', '스페셜', '트렌디', '프레스티지']","['2.0', '2.0 LPi', '2.0 LPi (장애인용)', '2.0 LPi (택시형)', '2.0 터보']","class_name_examples=W 스페셜, 노블레스, 디럭스, 럭셔리, 럭셔리 스페셜, 럭셔리 트렌디, 스페셜, 트렌디, 프레스티지 | level_name_examples=2.0, 2.0 LPi, 2.0 LPi (장애인용), 2.0 LPi (택시형), 2.0 터보 | launch_price_range_krw=0~30200000 | displacement_range_cc=1998~1999 | body_length_range_mm=4845~4845"
kia,더 뉴 K5 2세대,"['노블레스', '노블레스 스페셜', '프레스티지', '럭셔리', '월드컵 에디션', '인텔리전트', '디럭스']","['1.6 터보', '1.7 디젤', '2.0', '2.0 LPi', '2.0 LPi (렌터카용)', '2.0 LPi (장애인용)', '2.0 LPi (택시형)']","class_name_examples=노블레스, 노블레스 스페셜, 프레스티지, 럭셔리, 월드컵 에디션, 인텔리전트, 디럭스 | level_name_examples=1.6 터보, 1.7 디젤, 2.0, 2.0 LPi, 2.0 LPi (렌터카용), 2.0 LPi (장애인용), 2.0 LPi (택시형) | launch_price_range_krw=0~31320000 | displacement_range_cc=1591~1999 | body_length_range_mm=4855~4855"
kia,더 뉴 K5 3세대,"['노블레스', '베스트 셀렉션', '시그니처', '프레스티지', '스마트 셀렉션', '트렌디']","['1.6 터보', '2.0', '2.0 LPG', '2.0 LPG (렌터카용)', '2.0 LPG (장애인용)']","class_name_examples=노블레스, 베스트 셀렉션, 시그니처, 프레스티지, 스마트 셀렉션, 트렌디 | level_name_examples=1.6 터보, 2.0, 2.0 LPG, 2.0 LPG (렌터카용), 2.0 LPG (장애인용) | launch_price_range_krw=24350000~35260000 | displacement_range_cc=1598~1999 | body_length_range_mm=4905~4905"
kia,더 뉴 K5 하이브리드 2세대,"['노블레스', '노블레스 스페셜', '프레스티지']",['2.0 HEV'],"class_name_examples=노블레스, 노블레스 스페셜, 프레스티지 | level_name_examples=2.0 HEV | launch_price_range_krw=29770000~34730000 | displacement_range_cc=1999~1999 | body_length_range_mm=4855~4855"
kia,더 뉴 K5 하이브리드 3세대,"['노블레스', '베스트 셀렉션', '시그니처', '프레스티지']",['2.0 HEV'],"class_name_examples=노블레스, 베스트 셀렉션, 시그니처, 프레스티지 | level_name_examples=2.0 HEV | launch_price_range_krw=31830000~38110000 | displacement_range_cc=1999~1999 | body_length_range_mm=4905~4905"
kia,더 뉴 K7,"['기본형', '프레스티지', '프레스티지 스페셜', '럭셔리', '디럭스', '노블레스']","['2.4', '3.0', '3.0 LPi', '3.0 LPi (택시형)', '3.3']","class_name_examples=기본형, 프레스티지, 프레스티지 스페셜, 럭셔리, 디럭스, 노블레스 | level_name_examples=2.4, 3.0, 3.0 LPi, 3.0 LPi (택시형), 3.3 | launch_price_range_krw=0~41940000 | displacement_range_cc=2359~3342 | body_length_range_mm=4970~4970"
kia,더 뉴 K8,"['노블레스', '노블레스 라이트', '베스트 셀렉션', '시그니처', '시그니처 블랙', '프레스티지']","['2.5', '3.5', '3.5 AWD', '3.5 LPG', '3.5 LPG (택시형)']","class_name_examples=노블레스, 노블레스 라이트, 베스트 셀렉션, 시그니처, 시그니처 블랙, 프레스티지 | level_name_examples=2.5, 3.5, 3.5 AWD, 3.5 LPG, 3.5 LPG (택시형) | launch_price_range_krw=35290000~50430000 | displacement_range_cc=2497~3470 | body_length_range_mm=5050~5050"
kia,더 뉴 K8 하이브리드,"['노블레스', '노블레스 라이트', '베스트 셀렉션', '시그니처', '시그니처 블랙']",['1.6 터보 HEV'],"class_name_examples=노블레스, 노블레스 라이트, 베스트 셀렉션, 시그니처, 시그니처 블랙 | level_name_examples=1.6 터보 HEV | launch_price_range_krw=42060000~50520000 | displacement_range_cc=1598~1598 | body_length_range_mm=5050~5050"
kia,더 뉴 K9,"['이그제큐티브', '프레스티지', 'VIP', '노블레스', '퀀텀', '-']","['3.3', '3.8', '5.0', '5.0 (수출형)']","class_name_examples=이그제큐티브, 프레스티지, VIP, 노블레스, 퀀텀, - | level_name_examples=3.3, 3.8, 5.0, 5.0 (수출형) | launch_price_range_krw=0~86600000 | displacement_range_cc=3342~5038 | body_length_range_mm=5095~5095"
kia,더 뉴 K9 [RJ],"['플래티넘', '마스터즈', '베스트 셀렉션 I', '베스트 셀렉션 II']","['3.3', '3.3 AWD', '3.3 터보', '3.3 터보 AWD', '3.8', '3.8 AWD']","class_name_examples=플래티넘, 마스터즈, 베스트 셀렉션 I, 베스트 셀렉션 II | level_name_examples=3.3, 3.3 AWD, 3.3 터보, 3.3 터보 AWD, 3.8, 3.8 AWD | launch_price_range_krw=0~84070000 | displacement_range_cc=3342~3778 | body_length_range_mm=5140~5140"
kia,더 뉴 기아 레이,"['X-Line', '그래비티', '스탠다드', '시그니처', '트렌디', '프레스티지', '프레스티지 스페셜']","['1.0', '1.0 1인승 밴', '1.0 밴']","class_name_examples=X-Line, 그래비티, 스탠다드, 시그니처, 트렌디, 프레스티지, 프레스티지 스페셜 | level_name_examples=1.0, 1.0 1인승 밴, 1.0 밴 | launch_price_range_krw=0~20030000 | displacement_range_cc=998~998 | body_length_range_mm=3595~3595"
kia,더 뉴 니로,"['노블레스', '노블레스 스페셜', '럭셔리', '시그니처', '트렌디', '프레스티지']","['1.6 HEV', '1.6 PHEV']","class_name_examples=노블레스, 노블레스 스페셜, 럭셔리, 시그니처, 트렌디, 프레스티지 | level_name_examples=1.6 HEV, 1.6 PHEV | launch_price_range_krw=0~40820000 | displacement_range_cc=1580~1580 | body_length_range_mm=4355~4355"
kia,더 뉴 레이,"['디럭스', '럭셔리', '스탠다드', '시그니처', '캠핑카', '트렌디', '프레스티지', '프레스티지 베스트셀렉션', '프레스티지 스페셜', '-']","['1.0', '1.0 1인승 밴', '1.0 LPi', '1.0 밴']","class_name_examples=디럭스, 럭셔리, 스탠다드, 시그니처, 캠핑카, 트렌디, 프레스티지, 프레스티지 베스트셀렉션, 프레스티지 스페셜, - | level_name_examples=1.0, 1.0 1인승 밴, 1.0 LPi, 1.0 밴 | launch_price_range_krw=0~16700000 | displacement_range_cc=998~998 | body_length_range_mm=3595~3595"
kia,더 뉴 모닝,"['디럭스', '럭셔리', '스마트', '스포츠 런 하이', '스프츠 런', '-', '고급형']","['1.0', '1.0 바이퓨얼', '1.0 밴', '1.0 터보']","class_name_examples=디럭스, 럭셔리, 스마트, 스포츠 런 하이, 스프츠 런, -, 고급형 | level_name_examples=1.0, 1.0 바이퓨얼, 1.0 밴, 1.0 터보 | launch_price_range_krw=0~14800000 | displacement_range_cc=998~998 | body_length_range_mm=3595~3595"
kia,더 뉴 모닝 [JA],"['GT-Line', '시그니처', '트렌디', '프레스티지']",['1.0'],"class_name_examples=GT-Line, 시그니처, 트렌디, 프레스티지 | level_name_examples=1.0 | launch_price_range_krw=13150000~18700000 | displacement_range_cc=998~998 | body_length_range_mm=3595~3595"
kia,더 뉴 모하비,"['노블레스', 'VIP', '프레지던트']","['3.0 디젤 2WD', '3.0 디젤 4WD', '3.0 디젤 AWD']","class_name_examples=노블레스, VIP, 프레지던트 | level_name_examples=3.0 디젤 2WD, 3.0 디젤 4WD, 3.0 디젤 AWD | launch_price_range_krw=0~48050000 | displacement_range_cc=2959~2959 | body_length_range_mm=4930~4930"
kia,더 뉴 봉고3,"['장축 GL', '초장축 GL', '초장축 GLS', '초장축 L', '초장축 L 라이트', '초장축 L라이트']","['더블캡', '킹캡', '표준캡']","class_name_examples=장축 GL, 초장축 GL, 초장축 GLS, 초장축 L, 초장축 L 라이트, 초장축 L라이트 | level_name_examples=더블캡, 킹캡, 표준캡 | launch_price_range_krw=16750000~21860000 | displacement_range_cc=2497~2497 | body_length_range_mm=4810~5125"
kia,더 뉴 셀토스,"['X-Line', '그래비티', '시그니처', '트렌디', '프레스티지']","['1.6 가솔린 터보 2WD', '2.0 가솔린 2WD']","class_name_examples=X-Line, 그래비티, 시그니처, 트렌디, 프레스티지 | level_name_examples=1.6 가솔린 터보 2WD, 2.0 가솔린 2WD | launch_price_range_krw=20620000~29060000 | displacement_range_cc=1591~1999 | body_length_range_mm=4390~4390"
kia,더 뉴 스포티지R,"['럭셔리', '럭셔리 트렌디', '에이스', '트렌디', 'W 스페셜', '노블레스', '프레스티지']","['2.0 가솔린 터보 2WD', '2.0 디젤 2WD', '2.0 디젤 4WD']","class_name_examples=럭셔리, 럭셔리 트렌디, 에이스, 트렌디, W 스페셜, 노블레스, 프레스티지 | level_name_examples=2.0 가솔린 터보 2WD, 2.0 디젤 2WD, 2.0 디젤 4WD | launch_price_range_krw=20500000~29650000 | displacement_range_cc=1995~1998 | body_length_range_mm=4440~4450"
kia,더 뉴 쏘렌토,"['노블레스', '마스터 스페셜', '프레스티지', '노블레스 스페셜', '럭셔리', '마스터', 'No.1 에디션']","['2.0 가솔린 터보 2WD', '2.0 가솔린 터보 4WD', '2.0 디젤 2WD', '2.0 디젤 4WD', '2.2 디젤 2WD', '2.2 디젤 4WD']","class_name_examples=노블레스, 마스터 스페셜, 프레스티지, 노블레스 스페셜, 럭셔리, 마스터, No.1 에디션 | level_name_examples=2.0 가솔린 터보 2WD, 2.0 가솔린 터보 4WD, 2.0 디젤 2WD, 2.0 디젤 4WD, 2.2 디젤 2WD, 2.2 디젤 4WD | launch_price_range_krw=0~38450000 | displacement_range_cc=1995~2199 | body_length_range_mm=4800~4800"
kia,더 뉴 쏘렌토 4세대,"['X-Line', '그래비티', '노블레스', '시그니처', '프레스티지']","['2.2 디젤 2WD', '2.2 디젤 4WD', '2.5 가솔린 터보 2WD', '2.5 가솔린 터보 4WD']","class_name_examples=X-Line, 그래비티, 노블레스, 시그니처, 프레스티지 | level_name_examples=2.2 디젤 2WD, 2.2 디젤 4WD, 2.5 가솔린 터보 2WD, 2.5 가솔린 터보 4WD | launch_price_range_krw=0~39950000 | displacement_range_cc=2151~2497 | body_length_range_mm=4815~4815"
kia,더 뉴 쏘렌토 4세대 하이브리드,"['X-Line', '그래비티', '노블레스', '시그니처', '프레스티지']","['1.6 HEV 2WD', '1.6 HEV 4WD']","class_name_examples=X-Line, 그래비티, 노블레스, 시그니처, 프레스티지 | level_name_examples=1.6 HEV 2WD, 1.6 HEV 4WD | launch_price_range_krw=0~0 | displacement_range_cc=1598~2497 | body_length_range_mm=4815~4815"
kia,더 뉴 쏘울,"['노블레스', '트렌디', '프레스티지', '노블레스 스페셜']","['1.6', '1.6 디젤']","class_name_examples=노블레스, 트렌디, 프레스티지, 노블레스 스페셜 | level_name_examples=1.6, 1.6 디젤 | launch_price_range_krw=17180000~22730000 | displacement_range_cc=1582~1591 | body_length_range_mm=4140~4140"
kia,더 뉴 카니발,"['디럭스', '프레스티지', 'VIP', '프레지던트', '노블레스', '노블레스 스페셜', '럭셔리', '프레스티지 하이루프', '하이루프 특장차', '-']","['2.2 디젤 11인승', '2.2 디젤 11인승 하이리무진', '2.2 디젤 7인승', '2.2 디젤 7인승 리무진', '2.2 디젤 7인승 하이리무진', '2.2 디젤 9인승', '2.2 디젤 9인승 아웃도어', '2.2 디젤 9인승 하이리무진', '2.2 디젤 하이리무진 (특장업체)', '3.3 가솔린 11인승']","class_name_examples=디럭스, 프레스티지, VIP, 프레지던트, 노블레스, 노블레스 스페셜, 럭셔리, 프레스티지 하이루프, 하이루프 특장차, - | level_name_examples=2.2 디젤 11인승, 2.2 디젤 11인승 하이리무진, 2.2 디젤 7인승, 2.2 디젤 7인승 리무진, 2.2 디젤 7인승 하이리무진, 2.2 디젤 9인승, 2.2 디젤 9인승 아웃도어, 2.2 디젤 9인승 하이리무진, 2.2 디젤 하이리무진 (특장업체), 3.3 가솔린 11인승 | launch_price_range_krw=0~59780000 | displacement_range_cc=2199~3342 | body_length_range_mm=5115~5115"
kia,더 뉴 카니발 4세대,"['시그니처', 'X-Line', '그래비티', '노블레스', '아웃도어', '프레스티지', '-']","['1.6 터보 HEV 4인승 하이리무진', '1.6 터보 HEV 7인승', '1.6 터보 HEV 7인승 하이리무진', '1.6 터보 HEV 9인승', '1.6 터보 HEV 9인승 하이리무진', '1.6 터보 HEV 하이리무진 (특장업체)', '2.2 디젤 7인승', '2.2 디젤 9인승', '2.2 디젤 9인승 하이리무진', '2.2 디젤 하이리무진 (특장업체)']","class_name_examples=시그니처, X-Line, 그래비티, 노블레스, 아웃도어, 프레스티지, - | level_name_examples=1.6 터보 HEV 4인승 하이리무진, 1.6 터보 HEV 7인승, 1.6 터보 HEV 7인승 하이리무진, 1.6 터보 HEV 9인승, 1.6 터보 HEV 9인승 하이리무진, 1.6 터보 HEV 하이리무진 (특장업체), 2.2 디젤 7인승, 2.2 디젤 9인승, 2.2 디젤 9인승 하이리무진, 2.2 디젤 하이리무진 (특장업체) | launch_price_range_krw=0~92000000 | displacement_range_cc=1598~3470 | body_length_range_mm=5155~5200"
kia,더 뉴 카렌스,"['프레스티지', '디럭스', '럭셔리']","['1.7 디젤', '2.0 LPi']","class_name_examples=프레스티지, 디럭스, 럭셔리 | level_name_examples=1.7 디젤, 2.0 LPi | launch_price_range_krw=18800000~23660000 | displacement_range_cc=1685~1999 | body_length_range_mm=4525~4525"
kia,더 뉴 프라이드,"['디럭스', '스마트', '트렌디', '럭셔리', '프레스티지']","['1.4', '1.4 5도어', '1.4 디젤 5도어', '1.6', '1.6 5도어']","class_name_examples=디럭스, 스마트, 트렌디, 럭셔리, 프레스티지 | level_name_examples=1.4, 1.4 5도어, 1.4 디젤 5도어, 1.6, 1.6 5도어 | launch_price_range_krw=11750000~17480000 | displacement_range_cc=1396~1591 | body_length_range_mm=4045~4370"
kia,더 프레스티지 K7,"['디럭스', '럭셔리', '프레스티지', '노블레스']","['2.4', '3.0', '3.3']","class_name_examples=디럭스, 럭셔리, 프레스티지, 노블레스 | level_name_examples=2.4, 3.0, 3.3 | launch_price_range_krw=29800000~40700000 | displacement_range_cc=2359~3342 | body_length_range_mm=4965~4965"
kia,디 올 뉴 니로,"['베스트 셀렉션', '시그니처', '트렌디', '프레스티지']",['1.6 HEV'],"class_name_examples=베스트 셀렉션, 시그니처, 트렌디, 프레스티지 | level_name_examples=1.6 HEV | launch_price_range_krw=0~34490000 | displacement_range_cc=1580~1580 | body_length_range_mm=4420~4420"
kia,디 올 뉴 셀토스,"['X-Line', '시그니처', '트렌디', '프레스티지']","['1.6 가솔린 터보 2WD', '1.6 가솔린 터보 4WD']","class_name_examples=X-Line, 시그니처, 트렌디, 프레스티지 | level_name_examples=1.6 가솔린 터보 2WD, 1.6 가솔린 터보 4WD | launch_price_range_krw=24770000~34120000 | displacement_range_cc=1598~1598 | body_length_range_mm=4430~4430"
kia,디 올 뉴 스포티지,"['노블레스', '노블레스 그래비티', '시그니처', '시그니처 그래비티', '트렌디', '프레스티지']","['1.6 터보 2WD', '2.0 LPG 2WD', '2.0 디젤 2WD']","class_name_examples=노블레스, 노블레스 그래비티, 시그니처, 시그니처 그래비티, 트렌디, 프레스티지 | level_name_examples=1.6 터보 2WD, 2.0 LPG 2WD, 2.0 디젤 2WD | launch_price_range_krw=0~35660000 | displacement_range_cc=1598~1999 | body_length_range_mm=4660~4660"
kia,디 올 뉴 스포티지 하이브리드,"['노블레스', '노블레스 그래비티', '시그니처', '시그니처 그래비티', '프레스티지']",['1.6 터보 HEV'],"class_name_examples=노블레스, 노블레스 그래비티, 시그니처, 시그니처 그래비티, 프레스티지 | level_name_examples=1.6 터보 HEV | launch_price_range_krw=0~35110000 | displacement_range_cc=1598~1598 | body_length_range_mm=4660~4660"
kia,레이,"['디럭스', '디럭스 스페셜', '럭셔리', '럭셔리 에코플러스', '프레스티지', '프레스티지 에코 다이나믹스', '프레스티지 에코플러스', '고급형', '기본형', '-']","['1.0', '1.0 바이퓨얼', '1.0 밴', '1.0 터보']","class_name_examples=디럭스, 디럭스 스페셜, 럭셔리, 럭셔리 에코플러스, 프레스티지, 프레스티지 에코 다이나믹스, 프레스티지 에코플러스, 고급형, 기본형, - | level_name_examples=1.0, 1.0 바이퓨얼, 1.0 밴, 1.0 터보 | launch_price_range_krw=0~16640000 | displacement_range_cc=998~998 | body_length_range_mm=3595~3595"
kia,모닝 어반,"['스탠다드', '스탠다드 마이너스', '시그니처', '시그니처 엣지-업', '프레스티지', '-', '스페셜']","['1.0', '1.0 밴']","class_name_examples=스탠다드, 스탠다드 마이너스, 시그니처, 시그니처 엣지-업, 프레스티지, -, 스페셜 | level_name_examples=1.0, 1.0 밴 | launch_price_range_krw=11750000~15450000 | displacement_range_cc=998~998 | body_length_range_mm=3595~3595"
kia,모하비,"['JV300', 'JV300 고급형', 'JV300 에센스팩', 'JV300 최고급형', 'KV300', 'KV300 고급형', 'KV300 최고급형', 'QV300', 'QV300 고급형', 'QV300 최고급형']","['3.0 디젤 2WD', '3.0 디젤 4WD', '3.8 가솔린 2WD', '4.6 가솔린 (수출형)', '4.6 가솔린 4WD']","class_name_examples=JV300, JV300 고급형, JV300 에센스팩, JV300 최고급형, KV300, KV300 고급형, KV300 최고급형, QV300, QV300 고급형, QV300 최고급형 | level_name_examples=3.0 디젤 2WD, 3.0 디젤 4WD, 3.8 가솔린 2WD, 4.6 가솔린 (수출형), 4.6 가솔린 4WD | launch_price_range_krw=0~48550000 | displacement_range_cc=2959~4627 | body_length_range_mm=4880~4935"
kia,모하비 더 마스터,"['마스터즈', '마스터즈 그래비티', '플래티넘']","['3.0 디젤 4WD 5인승', '3.0 디젤 4WD 6인승', '3.0 디젤 4WD 7인승']","class_name_examples=마스터즈, 마스터즈 그래비티, 플래티넘 | level_name_examples=3.0 디젤 4WD 5인승, 3.0 디젤 4WD 6인승, 3.0 디젤 4WD 7인승 | launch_price_range_krw=0~60570000 | displacement_range_cc=2959~2959 | body_length_range_mm=4930~4930"
kia,봉고3,"['장축 GLX', '장축 리미티드', '-', '더블캡']","['CRDi 더블캡', 'CRDi 킹캡', 'CRDi 표준캡', '파워게이트', '파워게이트 4WD']","class_name_examples=장축 GLX, 장축 리미티드, -, 더블캡 | level_name_examples=CRDi 더블캡, CRDi 킹캡, CRDi 표준캡, 파워게이트, 파워게이트 4WD | launch_price_range_krw=0~0 | displacement_range_cc=2902~2902 | body_length_range_mm=4785~5110"
kia,셀토스,"['그래비티', '노블레스', '시그니처', '트렌디', '프레스티지']","['1.6 가솔린 터보 2WD', '1.6 가솔린 터보 4WD', '1.6 디젤 2WD', '1.6 디젤 4WD']","class_name_examples=그래비티, 노블레스, 시그니처, 트렌디, 프레스티지 | level_name_examples=1.6 가솔린 터보 2WD, 1.6 가솔린 터보 4WD, 1.6 디젤 2WD, 1.6 디젤 4WD | launch_price_range_krw=0~28960000 | displacement_range_cc=1582~1598 | body_length_range_mm=4375~4375"
kia,스토닉,"['트렌디', '프레스티지', '디럭스']","['1.0 터보', '1.4 가솔린', '1.6 디젤']","class_name_examples=트렌디, 프레스티지, 디럭스 | level_name_examples=1.0 터보, 1.4 가솔린, 1.6 디젤 | launch_price_range_krw=0~21350000 | displacement_range_cc=998~1582 | body_length_range_mm=4140~4140"
kia,스팅어,"['드림 에디션', '알칸타라 에디션', '익스트림 팩', '프라임', '플래티넘', '프라임 라이트', 'GT', '마스터즈']","['2.0 터보', '2.0 터보 AWD', '2.2 디젤', '2.2 디젤 AWD', '3.3 터보', '3.3 터보 AWD']","class_name_examples=드림 에디션, 알칸타라 에디션, 익스트림 팩, 프라임, 플래티넘, 프라임 라이트, GT, 마스터즈 | level_name_examples=2.0 터보, 2.0 터보 AWD, 2.2 디젤, 2.2 디젤 AWD, 3.3 터보, 3.3 터보 AWD | launch_price_range_krw=35000000~51100000 | displacement_range_cc=1998~3342 | body_length_range_mm=4830~4830"
kia,스팅어 마이스터,"['마스터즈', '마스터즈 아크로 에디션', '플래티넘', 'GT', 'GT 마스터즈 터보팩', 'GT 아크로 에디션']","['2.5 터보', '2.5 터보 AWD', '3.3 터보', '3.3 터보 AWD']","class_name_examples=마스터즈, 마스터즈 아크로 에디션, 플래티넘, GT, GT 마스터즈 터보팩, GT 아크로 에디션 | level_name_examples=2.5 터보, 2.5 터보 AWD, 3.3 터보, 3.3 터보 AWD | launch_price_range_krw=0~50010000 | displacement_range_cc=2497~3342 | body_length_range_mm=4830~4830"
kia,스포티지 4세대,"['노블레스', '노블레스 스페셜', '트렌디', '노블레스 플러스', '스타일 에디션', '프레스티지']","['1.7 디젤 2WD', '2.0 가솔린 2WD', '2.0 디젤 2WD', '2.0 디젤 4WD']","class_name_examples=노블레스, 노블레스 스페셜, 트렌디, 노블레스 플러스, 스타일 에디션, 프레스티지 | level_name_examples=1.7 디젤 2WD, 2.0 가솔린 2WD, 2.0 디젤 2WD, 2.0 디젤 4WD | launch_price_range_krw=0~30190000 | displacement_range_cc=1658~1999 | body_length_range_mm=4480~4480"
kia,스포티지 더 볼드,"['노블레스', '럭셔리', '시그니처', '시그니처 그래비티', '인텔리전트', '트렌디', '프레스티지', '프레스티지 그래비티']","['1.6 디젤 2WD', '1.6 디젤 4WD', '2.0 가솔린 2WD', '2.0 디젤 2WD', '2.0 디젤 4WD']","class_name_examples=노블레스, 럭셔리, 시그니처, 시그니처 그래비티, 인텔리전트, 트렌디, 프레스티지, 프레스티지 그래비티 | level_name_examples=1.6 디젤 2WD, 1.6 디젤 4WD, 2.0 가솔린 2WD, 2.0 디젤 2WD, 2.0 디젤 4WD | launch_price_range_krw=0~32440000 | displacement_range_cc=1598~1999 | body_length_range_mm=4480~4495"
kia,스포티지R,"['LX', 'TLX 최고급형', '리미티드', 'TLX 고급형', 'TLX 프리미엄']","['2.0 가솔린 2WD', '2.0 가솔린 터보 2WD', '2.0 가솔린 터보 4WD', '2.0 디젤 2WD', '2.0 디젤 4WD']","class_name_examples=LX, TLX 최고급형, 리미티드, TLX 고급형, TLX 프리미엄 | level_name_examples=2.0 가솔린 2WD, 2.0 가솔린 터보 2WD, 2.0 가솔린 터보 4WD, 2.0 디젤 2WD, 2.0 디젤 4WD | launch_price_range_krw=0~30000000 | displacement_range_cc=1995~1998 | body_length_range_mm=4440~4450"
kia,쏘렌토 4세대,"['그래비티', '노블레스', '시그니처', '트렌디', '프레스티지']","['2.2 디젤 2WD', '2.2 디젤 4WD', '2.5 가솔린 터보 2WD']","class_name_examples=그래비티, 노블레스, 시그니처, 트렌디, 프레스티지 | level_name_examples=2.2 디젤 2WD, 2.2 디젤 4WD, 2.5 가솔린 터보 2WD | launch_price_range_krw=0~40430000 | displacement_range_cc=2151~2497 | body_length_range_mm=4810~4810"
kia,쏘렌토 4세대 하이브리드,"['그래비티', '노블레스', '시그니처', '프레스티지']","['1.6 터보 HEV 2WD', '1.6 터보 HEV 4WD']","class_name_examples=그래비티, 노블레스, 시그니처, 프레스티지 | level_name_examples=1.6 터보 HEV 2WD, 1.6 터보 HEV 4WD | launch_price_range_krw=0~43880000 | displacement_range_cc=1598~1598 | body_length_range_mm=4810~4810"
kia,쏘렌토R,"['LX 고급형', 'TLX 고급형', 'TLX 최고급형', 'TLX 프리미엄', '리미티드 고급형', '리미티드 프리미엄', '리미티드 스페셜']","['2.0 디젤 2WD', '2.2 디젤 2WD', '2.2 디젤 4WD', '2.4 가솔린 2WD', '2.7 LPi 2WD']","class_name_examples=LX 고급형, TLX 고급형, TLX 최고급형, TLX 프리미엄, 리미티드 고급형, 리미티드 프리미엄, 리미티드 스페셜 | level_name_examples=2.0 디젤 2WD, 2.2 디젤 2WD, 2.2 디젤 4WD, 2.4 가솔린 2WD, 2.7 LPi 2WD | launch_price_range_krw=0~38130000 | displacement_range_cc=1995~2656 | body_length_range_mm=1685~4730"
kia,쏘울,"['2U 고급형', '2U 세이프티', '2U 최고급형', '2U 쿨', '4U', '4U 코스모', 'U 고급형', 'U 스마트', 'U 최고급형', '디럭스']","['1.6', '1.6 디젤', '2.0']","class_name_examples=2U 고급형, 2U 세이프티, 2U 최고급형, 2U 쿨, 4U, 4U 코스모, U 고급형, U 스마트, U 최고급형, 디럭스 | level_name_examples=1.6, 1.6 디젤, 2.0 | launch_price_range_krw=12700000~22270000 | displacement_range_cc=1582~1975 | body_length_range_mm=4105~4120"
kia,쏘울 부스터,"['노블레스', '노블레스 스페셜', '프레스티지']",['1.6 터보'],"class_name_examples=노블레스, 노블레스 스페셜, 프레스티지 | level_name_examples=1.6 터보 | launch_price_range_krw=19140000~23460000 | displacement_range_cc=1591~1591 | body_length_range_mm=4195~4195"
kia,오피러스 프리미엄,"['GH270 디럭스', 'GH270 디럭스 스페셜', 'GH270 스페셜', 'GH270 스페셜 럭셔리', 'GH330 고급형', 'GH330 고급형 럭셔리', 'GH330 노블레스', 'GH330 럭셔리', 'GH330 스페셜', 'GH330 스페셜 럭셔리']","['2.7', '3.3', '3.8']","class_name_examples=GH270 디럭스, GH270 디럭스 스페셜, GH270 스페셜, GH270 스페셜 럭셔리, GH330 고급형, GH330 고급형 럭셔리, GH330 노블레스, GH330 럭셔리, GH330 스페셜, GH330 스페셜 럭셔리 | level_name_examples=2.7, 3.3, 3.8 | launch_price_range_krw=35070000~56480000 | displacement_range_cc=2656~3778 | body_length_range_mm=5000~5000"
kia,올 뉴 K3,"['노블레스', '럭셔리', '시그니처', '트렌디', '프레스티지', 'GT 베이직', 'GT 플러스', 'GT 시그니처']","['1.6', '1.6 터보 4도어', '1.6 터보 5도어']","class_name_examples=노블레스, 럭셔리, 시그니처, 트렌디, 프레스티지, GT 베이직, GT 플러스, GT 시그니처 | level_name_examples=1.6, 1.6 터보 4도어, 1.6 터보 5도어 | launch_price_range_krw=0~25130000 | displacement_range_cc=1591~1598 | body_length_range_mm=4510~4655"
kia,올 뉴 K7,"['노블레스', '리미티드', '리미티드 에디션', '프레스티지', '월드컵 에디션', '럭셔리', '디럭스', '노블레스 스페셜', '리미티드 플러스']","['2.2 디젤', '2.4', '3.0', '3.0 LPi', '3.0 LPi (렌터카용)', '3.0 LPi (장애인용)', '3.0 LPi (택시형)', '3.3']","class_name_examples=노블레스, 리미티드, 리미티드 에디션, 프레스티지, 월드컵 에디션, 럭셔리, 디럭스, 노블레스 스페셜, 리미티드 플러스 | level_name_examples=2.2 디젤, 2.4, 3.0, 3.0 LPi, 3.0 LPi (렌터카용), 3.0 LPi (장애인용), 3.0 LPi (택시형), 3.3 | launch_price_range_krw=0~39750000 | displacement_range_cc=2199~3342 | body_length_range_mm=4970~4970"
kia,올 뉴 K7 하이브리드,"['노블레스', '노블레스 스페셜', '프레스티지']",['2.4 HEV'],"class_name_examples=노블레스, 노블레스 스페셜, 프레스티지 | level_name_examples=2.4 HEV | launch_price_range_krw=36650000~41180000 | displacement_range_cc=2359~2359 | body_length_range_mm=4970~4970"
kia,올 뉴 모닝,"['W 스페셜', '디럭스', '디럭스 스페셜', '디럭스 트렌디', '럭셔리', '럭셔리 스포츠', '스마트', '스마트 스페셜', '스포츠', '에코 다이나믹스 스마트']","['1.0', '1.0 바이퓨얼']","class_name_examples=W 스페셜, 디럭스, 디럭스 스페셜, 디럭스 트렌디, 럭셔리, 럭셔리 스포츠, 스마트, 스마트 스페셜, 스포츠, 에코 다이나믹스 스마트 | level_name_examples=1.0, 1.0 바이퓨얼 | launch_price_range_krw=0~13530000 | displacement_range_cc=998~998 | body_length_range_mm=3595~3595"
kia,올 뉴 모닝 [JA],"['디럭스', '럭셔리', '레이디', '베이직 플러스', '트렌디', '프레스티지', '-', '고급형']","['1.0', '1.0 LPi', '1.0 밴', '1.0 터보']","class_name_examples=디럭스, 럭셔리, 레이디, 베이직 플러스, 트렌디, 프레스티지, -, 고급형 | level_name_examples=1.0, 1.0 LPi, 1.0 밴, 1.0 터보 | launch_price_range_krw=9450000~15890000 | displacement_range_cc=998~998 | body_length_range_mm=3595~3595"
kia,올 뉴 쏘렌토,"['노블레스', '프레스티지', '노블레스 스페셜', '디럭스', '럭셔리']","['2.0 가솔린 터보 2WD', '2.0 가솔린 터보 4WD', '2.0 디젤 2WD', '2.0 디젤 4WD', '2.2 디젤 2WD', '2.2 디젤 4WD']","class_name_examples=노블레스, 프레스티지, 노블레스 스페셜, 디럭스, 럭셔리 | level_name_examples=2.0 가솔린 터보 2WD, 2.0 가솔린 터보 4WD, 2.0 디젤 2WD, 2.0 디젤 4WD, 2.2 디젤 2WD, 2.2 디젤 4WD | launch_price_range_krw=0~35750000 | displacement_range_cc=1995~2199 | body_length_range_mm=4780~4780"
kia,올 뉴 쏘울,"['그린존', '노블레스', '럭셔리', '레드존', '브라운존', '트렌디', '프레스티지', '노블레스 스페셜', '액티브존']","['1.6', '1.6 디젤']","class_name_examples=그린존, 노블레스, 럭셔리, 레드존, 브라운존, 트렌디, 프레스티지, 노블레스 스페셜, 액티브존 | level_name_examples=1.6, 1.6 디젤 | launch_price_range_krw=14230000~22330000 | displacement_range_cc=1582~1591 | body_length_range_mm=4140~4140"
kia,올 뉴 카니발,"['노블레스', '디럭스', '럭셔리', '프레스티지', 'VIP', '매직스페이스', '프레지던트', '노블레스 스페셜', '프레스티지 하이루프', '11인승']","['2.2 디젤 11인승', '2.2 디젤 11인승 아웃도어', '2.2 디젤 11인승 하이리무진', '2.2 디젤 7인승 리무진', '2.2 디젤 7인승 아웃도어', '2.2 디젤 7인승 하이리무진', '2.2 디젤 9인승', '2.2 디젤 9인승 아웃도어', '2.2 디젤 9인승 하이리무진', '2.2 디젤 어린이보호차']","class_name_examples=노블레스, 디럭스, 럭셔리, 프레스티지, VIP, 매직스페이스, 프레지던트, 노블레스 스페셜, 프레스티지 하이루프, 11인승 | level_name_examples=2.2 디젤 11인승, 2.2 디젤 11인승 아웃도어, 2.2 디젤 11인승 하이리무진, 2.2 디젤 7인승 리무진, 2.2 디젤 7인승 아웃도어, 2.2 디젤 7인승 하이리무진, 2.2 디젤 9인승, 2.2 디젤 9인승 아웃도어, 2.2 디젤 9인승 하이리무진, 2.2 디젤 어린이보호차 | launch_price_range_krw=0~59430000 | displacement_range_cc=2199~3342 | body_length_range_mm=5115~5115"
kia,올 뉴 카렌스,"['노블레스', '디럭스', '럭셔리', '에코 다이나믹스', '트렌디', '프레스티지']","['1.7 디젤 5인승', '1.7 디젤 7인승', '2.0 LPi 7인승']","class_name_examples=노블레스, 디럭스, 럭셔리, 에코 다이나믹스, 트렌디, 프레스티지 | level_name_examples=1.7 디젤 5인승, 1.7 디젤 7인승, 2.0 LPi 7인승 | launch_price_range_krw=17960000~27150000 | displacement_range_cc=1685~1998 | body_length_range_mm=4525~4525"
kia,올 뉴 프라이드,"['디럭스', '스마트', '스마트 스페셜', '트렌디', '럭셔리', '럭셔리 에코 플러스', '프레스티지', '프레스티지 에코 플러스']","['1.4', '1.4 5도어', '1.4 디젤 5도어', '1.6', '1.6 5도어']","class_name_examples=디럭스, 스마트, 스마트 스페셜, 트렌디, 럭셔리, 럭셔리 에코 플러스, 프레스티지, 프레스티지 에코 플러스 | level_name_examples=1.4, 1.4 5도어, 1.4 디젤 5도어, 1.6, 1.6 5도어 | launch_price_range_krw=11250000~17010000 | displacement_range_cc=1396~1591 | body_length_range_mm=4045~4365"
kia,카니발 4세대,"['노블레스', '시그니처', '프레스티지', '-']","['2.2 디젤 7인승', '2.2 디젤 7인승 아웃도어', '2.2 디젤 7인승 하이리무진', '2.2 디젤 9인승', '2.2 디젤 9인승 하이리무진', '2.2 디젤 하이리무진 (특장업체)', '3.5 가솔린 4인승 하이리무진', '3.5 가솔린 7인승', '3.5 가솔린 7인승 아웃도어', '3.5 가솔린 7인승 하이리무진']","class_name_examples=노블레스, 시그니처, 프레스티지, - | level_name_examples=2.2 디젤 7인승, 2.2 디젤 7인승 아웃도어, 2.2 디젤 7인승 하이리무진, 2.2 디젤 9인승, 2.2 디젤 9인승 하이리무진, 2.2 디젤 하이리무진 (특장업체), 3.5 가솔린 4인승 하이리무진, 3.5 가솔린 7인승, 3.5 가솔린 7인승 아웃도어, 3.5 가솔린 7인승 하이리무진 | launch_price_range_krw=0~86830000 | displacement_range_cc=2151~3470 | body_length_range_mm=5155~5200"
kia,타스만,"['다이내믹', '어드벤처', '익스트림', 'X-프로']","['2.5 가솔린 터보 2WD', '2.5 가솔린 터보 4WD']","class_name_examples=다이내믹, 어드벤처, 익스트림, X-프로 | level_name_examples=2.5 가솔린 터보 2WD, 2.5 가솔린 터보 4WD | launch_price_range_krw=0~0 | displacement_range_cc=2497~2497 | body_length_range_mm=5410~5410"
kia,텔루라이드,"['EX', 'LX', 'S', 'SX']","['3.8 가솔린', '3.8 가솔린 AWD']","class_name_examples=EX, LX, S, SX | level_name_examples=3.8 가솔린, 3.8 가솔린 AWD | launch_price_range_krw=0~0 | displacement_range_cc=3778~3778 | body_length_range_mm=5001~5001"
kia,포르테,"['S 고급형', 'S 기본형', 'SLi', 'Si', 'W 에디션', '디럭스', '디럭스 에코플러스', '럭셔리', '럭셔리 에코플러스', '프레스티지']","['1.6', '1.6 LPi', '1.6 디젤', '2.0', 'LPi HEV']","class_name_examples=S 고급형, S 기본형, SLi, Si, W 에디션, 디럭스, 디럭스 에코플러스, 럭셔리, 럭셔리 에코플러스, 프레스티지 | level_name_examples=1.6, 1.6 LPi, 1.6 디젤, 2.0, LPi HEV | launch_price_range_krw=11710000~23440000 | displacement_range_cc=1582~1998 | body_length_range_mm=4530~4550"
kia,포르테 쿱,"['고급형', '고급형 레드프리미엄', '기본형', '럭셔리', '프레스티지']","['1.6', '2.0']","class_name_examples=고급형, 고급형 레드프리미엄, 기본형, 럭셔리, 프레스티지 | level_name_examples=1.6, 2.0 | launch_price_range_krw=16810000~19660000 | displacement_range_cc=1591~1998 | body_length_range_mm=4480~4480"
kia,포르테 해치백,"['디럭스', '럭셔리', '프레스티지', '프레스티지 브라운']",['1.6'],"class_name_examples=디럭스, 럭셔리, 프레스티지, 프레스티지 브라운 | level_name_examples=1.6 | launch_price_range_krw=13500000~18770000 | displacement_range_cc=1591~1591 | body_length_range_mm=4340~4340"
renault,QM3,"['LE', 'RE', 'RE 시그니처', 'RE 시그니처 소닉 레드', 'RE 시그니처 쇼콜라 브라운', 'RE 시그니처 에투알 화이트', 'SE']",['1.5 디젤'],"class_name_examples=LE, RE, RE 시그니처, RE 시그니처 소닉 레드, RE 시그니처 쇼콜라 브라운, RE 시그니처 에투알 화이트, SE | level_name_examples=1.5 디젤 | launch_price_range_krw=22200000~25800000 | displacement_range_cc=1461~1461 | body_length_range_mm=4125~4125"
renault,QM5,"['LE', 'LE 프리미엄', 'LE 플러스', 'RE', 'RE 플러스', 'SE', 'SE 프리미엄팩', 'SE 플러스', '보스 스페셜 에디션', '어드벤처']","['2.0 디젤 2WD', '2.0 디젤 4WD', '2.5 가솔린 2WD']","class_name_examples=LE, LE 프리미엄, LE 플러스, RE, RE 플러스, SE, SE 프리미엄팩, SE 플러스, 보스 스페셜 에디션, 어드벤처 | level_name_examples=2.0 디젤 2WD, 2.0 디젤 4WD, 2.5 가솔린 2WD | launch_price_range_krw=21810000~32300000 | displacement_range_cc=1995~2488 | body_length_range_mm=4520~4520"
renault,QM5 네오,"['LE', 'R4U', 'RE', 'SE', 'LE 아트 컬렉션 II', 'RE 아트 컬렉션II', 'LE 아트 컬렉션II']","['2.0 가솔린 2WD', '2.0 디젤 2WD', '2.0 디젤 4WD']","class_name_examples=LE, R4U, RE, SE, LE 아트 컬렉션 II, RE 아트 컬렉션II, LE 아트 컬렉션II | level_name_examples=2.0 가솔린 2WD, 2.0 디젤 2WD, 2.0 디젤 4WD | launch_price_range_krw=22700000~33200000 | displacement_range_cc=1995~1998 | body_length_range_mm=4525~4525"
renault,QM6,"['LE', 'RE', 'RE 시그니처', 'SE', 'RE 플러스']","['2.0 가솔린 2WD', '2.0 디젤 2WD', '2.0 디젤 4WD']","class_name_examples=LE, RE, RE 시그니처, SE, RE 플러스 | level_name_examples=2.0 가솔린 2WD, 2.0 디젤 2WD, 2.0 디젤 4WD | launch_price_range_krw=24800000~35100000 | displacement_range_cc=1995~1997 | body_length_range_mm=4675~4675"
renault,SM3 네오,"['LE', 'SE', 'LE 스페셜', 'PE', 'R4U', 'RE', 'SE 스페셜', 'SE 플러스', 'SE 플러스 아트', 'XE']","['1.5 디젤', '1.6']","class_name_examples=LE, SE, LE 스페셜, PE, R4U, RE, SE 스페셜, SE 플러스, SE 플러스 아트, XE | level_name_examples=1.5 디젤, 1.6 | launch_price_range_krw=14440000~21100000 | displacement_range_cc=1461~1598 | body_length_range_mm=4620~4620"
renault,SM5 노바,"['D', 'D 프리미엄', 'TCE', 'LE', 'LE 스타일팩', 'LE 아트 컬렉션II', 'PE', 'PE 스타일팩', 'PE 플러스', 'RE']","['1.5 디젤', '1.6 터보', '2.0']","class_name_examples=D, D 프리미엄, TCE, LE, LE 스타일팩, LE 아트 컬렉션II, PE, PE 스타일팩, PE 플러스, RE | level_name_examples=1.5 디젤, 1.6 터보, 2.0 | launch_price_range_krw=21300000~29200000 | displacement_range_cc=1461~1998 | body_length_range_mm=4885~4885"
renault,SM6,"['LE', 'PE', 'SE', 'RE', 'LE 스페셜', '프리미에르']","['1.5 디젤', '1.6 터보', '2.0', '2.0 LPe', '2.0 LPe (렌터카용)', '2.0 LPe (장애인용)', '2.0 LPe (택시형)', '2.0 프라임']","class_name_examples=LE, PE, SE, RE, LE 스페셜, 프리미에르 | level_name_examples=1.5 디젤, 1.6 터보, 2.0, 2.0 LPe, 2.0 LPe (렌터카용), 2.0 LPe (장애인용), 2.0 LPe (택시형), 2.0 프라임 | launch_price_range_krw=20600000~32940000 | displacement_range_cc=1461~1998 | body_length_range_mm=4850~4850"
renault,SM7 노바,"['-', 'LE', 'LE 스타일팩', 'RE', 'RE 스타일팩', 'RE 아트 컬렉션II', 'SE', 'SE 스타일팩', 'LE35', 'LE35 스타일팩']","['2.0 LPe', '2.0 LPe (렌터카용)', '2.0 LPe (장애인용)', '2.0 LPe (택시형)', '2.5', '3.5']","class_name_examples=-, LE, LE 스타일팩, RE, RE 스타일팩, RE 아트 컬렉션II, SE, SE 스타일팩, LE35, LE35 스타일팩 | level_name_examples=2.0 LPe, 2.0 LPe (렌터카용), 2.0 LPe (장애인용), 2.0 LPe (택시형), 2.5, 3.5 | launch_price_range_krw=0~38700000 | displacement_range_cc=1998~3498 | body_length_range_mm=4995~4995"
renault,SM7 뉴 아트,"['LE23', 'RE23', 'SE23', 'SE23 플러스', 'SE23 플레저', '프레스티지', 'LE35', 'RE35']","['2.3', '3.5']","class_name_examples=LE23, RE23, SE23, SE23 플러스, SE23 플레저, 프레스티지, LE35, RE35 | level_name_examples=2.3, 3.5 | launch_price_range_krw=26300000~41000000 | displacement_range_cc=2349~3498 | body_length_range_mm=4945~4950"
renault,XM3,"['LE', 'RE', 'RE 시그니처', '인스파이어', 'LE 플러스', 'SE']","['1.3', '1.6', '1.6 하이브리드']","class_name_examples=LE, RE, RE 시그니처, 인스파이어, LE 플러스, SE | level_name_examples=1.3, 1.6, 1.6 하이브리드 | launch_price_range_krw=0~32350000 | displacement_range_cc=1332~1598 | body_length_range_mm=4570~4570"
renault,그랑 콜레오스,"['아이코닉', '에스카파드 루프박스', '에스카파드 파노라마 선루프', '에스프리 알핀', '테크노']","['1.5 E-테크 하이브리드 2WD', '2.0 가솔린 터보 2WD', '2.0 가솔린 터보 4WD']","class_name_examples=아이코닉, 에스카파드 루프박스, 에스카파드 파노라마 선루프, 에스프리 알핀, 테크노 | level_name_examples=1.5 E-테크 하이브리드 2WD, 2.0 가솔린 터보 2WD, 2.0 가솔린 터보 4WD | launch_price_range_krw=34950000~45820000 | displacement_range_cc=1499~1969 | body_length_range_mm=4780~4780"
renault,뉴 QM3,"['LE', 'RE', 'RE S-에디션', 'RE 시그니처', 'RE 파노라믹 에디션', 'SE']",['1.5 디젤'],"class_name_examples=LE, RE, RE S-에디션, RE 시그니처, RE 파노라믹 에디션, SE | level_name_examples=1.5 디젤 | launch_price_range_krw=22200000~25700000 | displacement_range_cc=1461~1461 | body_length_range_mm=4125~4125"
renault,뉴 QM5,"['LE20', 'SE20', 'LE', 'LE 플러스', 'RE', 'SE', '살로몬 에디션', 'LE25', 'LE25 플러스', 'RE25']","['2.0 가솔린 2WD', '2.0 디젤 2WD', '2.0 디젤 4WD', '2.5 가솔린 2WD']","class_name_examples=LE20, SE20, LE, LE 플러스, RE, SE, 살로몬 에디션, LE25, LE25 플러스, RE25 | level_name_examples=2.0 가솔린 2WD, 2.0 디젤 2WD, 2.0 디젤 4WD, 2.5 가솔린 2WD | launch_price_range_krw=22500000~32650000 | displacement_range_cc=1995~2488 | body_length_range_mm=4525~4525"
renault,뉴 SM3,"['LE', 'LE 썸머 에디션', 'LE 익스클루시브', 'LE 플러스', 'PE', 'RE', 'RE 썸머 에디션', 'SE', 'SE 블랙', 'SE 블랙 썸머 에디션']","['1.6', '2.0']","class_name_examples=LE, LE 썸머 에디션, LE 익스클루시브, LE 플러스, PE, RE, RE 썸머 에디션, SE, SE 블랙, SE 블랙 썸머 에디션 | level_name_examples=1.6, 2.0 | launch_price_range_krw=14700000~19900000 | displacement_range_cc=1598~1998 | body_length_range_mm=4620~4620"
renault,뉴 SM5 (신형),"['LE', 'LE 익스클루시브', 'PE', 'RE', 'SE', 'SE 블랙', 'SE 플러스', 'XE', '보스 스페셜 에디션']","['2.0', '2.5']","class_name_examples=LE, LE 익스클루시브, PE, RE, SE, SE 블랙, SE 플러스, XE, 보스 스페셜 에디션 | level_name_examples=2.0, 2.5 | launch_price_range_krw=20800000~30100000 | displacement_range_cc=1998~2495 | body_length_range_mm=4885~4905"
renault,뉴 마스터,"['13인승', '15인승', '밴 L', '밴 S', '캠핑카']",['2.3 디젤'],"class_name_examples=13인승, 15인승, 밴 L, 밴 S, 캠핑카 | level_name_examples=2.3 디젤 | launch_price_range_krw=29990000~46990000 | displacement_range_cc=2299~2299 | body_length_range_mm=5075~6225"
renault,뉴SM5 플래티넘,"['D', 'D 스페셜', '프리미엄 DCT', 'TCE', 'TCE S/S 컬렉션', 'LE', 'LE S/S 컬렉션', 'LE 아트', 'LE 파노라마', 'PE']","['1.5 디젤', '1.6 터보', '2.0']","class_name_examples=D, D 스페셜, 프리미엄 DCT, TCE, TCE S/S 컬렉션, LE, LE S/S 컬렉션, LE 아트, LE 파노라마, PE | level_name_examples=1.5 디젤, 1.6 터보, 2.0 | launch_price_range_krw=22200000~29150000 | displacement_range_cc=1461~2495 | body_length_range_mm=4885~4885"
renault,더 뉴 QM6,"['RE', 'RE 시그니처', 'SE', 'LE', 'LE 시그니처', '프리미에르', '볼드 에디션', '비즈니스', '어드밴처']","['1.7 디젤 2WD', '2.0 LPe 2WD', '2.0 가솔린 2WD', '2.0 디젤 4WD', '퀘스트 2.0 LPe 2WD']","class_name_examples=RE, RE 시그니처, SE, LE, LE 시그니처, 프리미에르, 볼드 에디션, 비즈니스, 어드밴처 | level_name_examples=1.7 디젤 2WD, 2.0 LPe 2WD, 2.0 가솔린 2WD, 2.0 디젤 4WD, 퀘스트 2.0 LPe 2WD | launch_price_range_krw=0~39080000 | displacement_range_cc=1749~1998 | body_length_range_mm=4675~4675"
renault,더 뉴 SM6,"['LE', 'RE', 'SE', 'SE 플러스', '프리미에르', '필']","['1.3', '1.8', '2.0 LPe']","class_name_examples=LE, RE, SE, SE 플러스, 프리미에르, 필 | level_name_examples=1.3, 1.8, 2.0 LPe | launch_price_range_krw=0~35300000 | displacement_range_cc=1332~1998 | body_length_range_mm=4850~4855"
renault,마스터,"['13인승', '15인승', 'L', 'S', '밴 L', '밴 S', '캠핑카']",['2.3 디젤'],"class_name_examples=13인승, 15인승, L, S, 밴 L, 밴 S, 캠핑카 | level_name_examples=2.3 디젤 | launch_price_range_krw=0~36300000 | displacement_range_cc=2299~2299 | body_length_range_mm=5050~6200"
renault,올 뉴 SM7,"['LE', 'LE AVM 패키지', 'LE S/S 컬렉션', 'LE 아트', 'LE 파노라마', 'RE', 'RE S/S 컬렉션', 'RE 파노라마', 'SE', 'LE35']","['2.5', '3.5']","class_name_examples=LE, LE AVM 패키지, LE S/S 컬렉션, LE 아트, LE 파노라마, RE, RE S/S 컬렉션, RE 파노라마, SE, LE35 | level_name_examples=2.5, 3.5 | launch_price_range_krw=30280000~39100000 | displacement_range_cc=2495~3498 | body_length_range_mm=4950~4995"
renault,캡처,"['에디션 파리', '인텐스', '젠']","['1.3 TCe', '1.5 dCi']","class_name_examples=에디션 파리, 인텐스, 젠 | level_name_examples=1.3 TCe, 1.5 dCi | launch_price_range_krw=24740000~28180000 | displacement_range_cc=1332~1461 | body_length_range_mm=4230~4230"
renault,클리오,"['스틸', '아이코닉', '인텐스', '인텐스 파노라믹', '젠']",['1.5 dCi'],"class_name_examples=스틸, 아이코닉, 인텐스, 인텐스 파노라믹, 젠 | level_name_examples=1.5 dCi | launch_price_range_krw=19540000~22980000 | displacement_range_cc=1461~1461 | body_length_range_mm=4060~4060"
renault,필랑트,"['아이코닉', '에스프리 알핀', '에스프리 알핀 1955', '테크노']",['가솔린 1.5 하이브리드 E-TECH'],"class_name_examples=아이코닉, 에스프리 알핀, 에스프리 알핀 1955, 테크노 | level_name_examples=가솔린 1.5 하이브리드 E-TECH | launch_price_range_krw=43320000~52190000 | displacement_range_cc=1499~1499 | body_length_range_mm=4915~4915"
